timestamp,p_in_sp,q_in_sp,q_in_up,q_in_dn,q_in_63,p_actual_hv,q_actual_hv
0.007,0.75,0.0,0.0,0.0,0.0,0.75,0.0
0.122,0.75,0.0,0.0,0.0,0.0,0.75,0.0
0.224,0.75,0.0,0.0,0.0,0.0,0.75,0.0
0.33,0.75,0.0,0.0,0.0,0.0,0.75,0.0
0.435,0.75,0.0,0.0,0.0,0.0,0.75,0.0
0.547,0.75,0.0,0.0,0.0,0.0,0.75,0.0
0.655,0.75,0.0,0.0,0.0,0.0,0.75,0.0
0.757,0.75,0.0,0.0,0.0,0.0,0.75,0.0
0.859,0.75,0.0,0.0,0.0,0.0,0.75,0.0
0.964,0.75,0.0,0.0,0.0,0.0,0.75,0.0
1.065,0.75,0.0,0.0,0.0,0.0,0.75,0.0
1.172,0.75,0.0,0.0,0.0,0.0,0.75,0.0
1.275,0.75,0.0,0.0,0.0,0.0,0.75,0.0
1.379,0.75,0.0,0.0,0.0,0.0,0.75,0.0
1.486,0.75,0.0,0.0,0.0,0.0,0.75,0.0
1.597,0.75,0.0,0.0,0.0,0.0,0.75,0.0
1.706,0.75,0.0,0.0,0.0,0.0,0.75,0.0
1.808,0.75,0.0,0.0,0.0,0.0,0.75,0.0
1.913,0.75,0.0,0.0,0.0,0.0,0.75,0.0
2.015,0.75,0.0,0.0,0.0,0.0,0.75,0.0
2.118,0.75,0.0,0.0,0.0,0.0,0.75,0.0
2.225,0.75,0.0,0.0,0.0,0.0,0.75,0.0
2.327,0.75,0.0,0.0,0.0,0.0,0.75,0.0
2.43,0.75,0.0,0.0,0.0,0.0,0.75,0.0
2.537,0.75,0.0,0.0,0.0,0.0,0.75,0.0
2.646,0.75,0.0,0.0,0.0,0.0,0.75,0.0
2.747,0.75,0.0,0.0,0.0,0.0,0.75,0.0
2.857,0.75,0.0,0.0,0.0,0.0,0.75,0.0
2.958,0.75,0.0,0.0,0.0,0.0,0.75,0.0
3.066,0.75,0.0,0.0,0.0,0.0,0.75,0.0
3.171,0.75,0.0,0.0,0.0,0.0,0.75,0.0
3.276,0.75,0.0,0.0,0.0,0.0,0.75,0.0
3.385,0.75,0.0,0.0,0.0,0.0,0.75,0.0
3.487,0.75,0.0,0.0,0.0,0.0,0.75,0.0
3.589,0.75,0.0,0.0,0.0,0.0,0.75,0.0
3.693,0.75,0.0,0.0,0.0,0.0,0.75,0.0
3.795,0.75,0.0,0.0,0.0,0.0,0.75,0.0
3.897,0.75,0.0,0.0,0.0,0.0,0.75,0.0
4.004,0.75,0.0,0.0,0.0,0.0,0.75,0.0
4.108,0.75,0.0,0.0,0.0,0.0,0.75,0.0
4.225,0.75,0.0,0.0,0.0,0.0,0.75,0.0
4.332,0.75,0.0,0.0,0.0,0.0,0.75,0.0
4.437,0.75,0.0,0.0,0.0,0.0,0.75,0.0
4.542,0.75,0.0,0.0,0.0,0.0,0.75,0.0
4.644,0.75,0.0,0.0,0.0,0.0,0.75,0.0
4.757,0.75,0.0,0.0,0.0,0.0,0.75,0.0
4.868,0.75,0.0,0.0,0.0,0.0,0.75,0.0
4.974,0.75,0.0,0.0,0.0,0.0,0.75,0.0
5.084,0.75,0.0,0.0,0.0,0.0,0.75,0.0
5.187,0.75,0.0,0.0,0.0,0.0,0.75,0.0
5.295,0.75,0.0,0.0,0.0,0.0,0.75,0.0
5.399,0.75,0.0,0.0,0.0,0.0,0.75,0.0
5.504,0.75,0.0,0.0,0.0,0.0,0.75,-0.0
5.605,0.75,0.0,0.0,0.0,0.0,0.75,-0.0
5.706,0.75,0.0,0.0,0.0,0.0,0.75,-0.0
5.811,0.75,0.0,0.0,0.0,0.0,0.75,-0.0
5.927,0.75,0.0,0.0,0.0,0.0,0.75,-0.0
6.03,0.75,0.0,0.0,0.0,0.0,0.75,-0.0
6.134,0.75,0.0,0.0,0.0,0.0,0.75,-0.0
6.235,0.75,0.0,0.0,0.0,0.0,0.75,-0.0
6.339,0.75,0.0,0.0,0.0,0.0,0.75,-0.0
6.464,0.75,0.0,0.0,0.0,0.0,0.75,-0.0
6.568,0.75,0.0,0.0,0.0,0.0,0.75,-0.0
6.672,0.75,0.0,0.0,0.0,0.0,0.75,-0.0
6.773,0.75,0.0,0.0,0.0,0.0,0.75,-0.0
6.877,0.75,0.0,0.0,0.0,0.0,0.75,-0.0
6.981,0.75,0.0,0.0,0.0,0.0,0.75,-0.0
7.083,0.75,0.0,0.0,0.0,0.0,0.75,-0.0
7.185,0.75,0.0,0.0,0.0,0.0,0.75,-0.0
7.294,0.75,0.0,0.0,0.0,0.0,0.75,-0.0
7.417,0.75,0.0,0.0,0.0,0.0,0.75,-0.0
7.523,0.75,0.0,0.0,0.0,0.0,0.75,-0.0
7.633,0.75,0.0,0.0,0.0,0.0,0.75,-0.0
7.745,0.75,0.0,0.0,0.0,0.0,0.75,-0.0
7.852,0.75,0.0,0.0,0.0,0.0,0.75,-0.0
7.956,0.75,0.0,0.0,0.0,0.0,0.75,-0.0
8.063,0.75,0.0,0.0,0.0,0.0,0.75,-0.0
8.166,0.75,0.0,0.0,0.0,0.0,0.75,-0.0
8.27,0.75,0.0,0.0,0.0,0.0,0.75,-0.0
8.372,0.75,0.0,0.0,0.0,0.0,0.75,-0.0
8.477,0.75,0.0,0.0,0.0,0.0,0.75,-0.0
8.578,0.75,0.0,0.0,0.0,0.0,0.75,-0.0
8.684,0.75,0.0,0.0,0.0,0.0,0.75,0.0
8.794,0.75,0.0,0.0,0.0,0.0,0.75,0.0
8.902,0.75,0.0,0.0,0.0,0.0,0.75,0.0
9.004,0.75,0.0,0.0,0.0,0.0,0.75,0.0
9.11,0.75,0.0,0.0,0.0,0.0,0.75,-0.0
9.214,0.75,0.0,0.0,0.0,0.0,0.75,-0.0
9.317,0.75,0.0,0.0,0.0,0.0,0.75,-0.0
9.419,0.75,0.0,0.0,0.0,0.0,0.75,-0.0
9.524,0.75,0.0,0.0,0.0,0.0,0.75,-0.0
9.643,0.75,0.0,0.0,0.0,0.0,0.75,-0.0
9.747,0.75,0.0,0.0,0.0,0.0,0.75,-0.0
9.849,0.75,0.0,0.0,0.0,0.0,0.75,-0.0
9.957,0.75,0.0,0.0,0.0,0.0,0.75,-0.0
10.067,0.75,0.0,0.0,0.0,0.0,0.75,-0.0
10.174,0.75,0.0,0.0,0.0,0.0,0.75,-0.0
10.281,0.75,0.0,0.0,0.0,0.0,0.75,-0.0
10.39,0.75,0.0,0.0,0.0,0.0,0.75,-0.0
10.494,0.75,0.0,0.0,0.0,0.0,0.75,-0.0
10.6,0.75,0.0,0.0,0.0,0.0,0.75,-0.0
10.712,0.75,0.0,0.0,0.0,0.0,0.75,-0.0
10.815,0.75,0.0,0.0,0.0,0.0,0.75,-0.0
10.917,0.75,0.0,0.0,0.0,0.0,0.75,-0.0
11.034,0.75,0.0,0.0,0.0,0.0,0.75,-0.0
11.138,0.75,0.0,0.0,0.0,0.0,0.75,-0.0
11.243,0.75,0.0,0.0,0.0,0.0,0.75,-0.0
11.345,0.75,0.0,0.0,0.0,0.0,0.75,-0.0
11.447,0.75,0.0,0.0,0.0,0.0,0.75,-0.0
11.55,0.75,0.0,0.0,0.0,0.0,0.75,-0.0
11.653,0.75,0.0,0.0,0.0,0.0,0.75,-0.0
11.762,0.75,0.0,0.0,0.0,0.0,0.75,-0.0
11.875,0.75,0.0,0.0,0.0,0.0,0.75,-0.0
11.978,0.75,0.0,0.0,0.0,0.0,0.75,-0.0
12.082,0.75,0.0,0.0,0.0,0.0,0.75,-0.0
12.189,0.75,0.0,0.0,0.0,0.0,0.75,-0.0
12.296,0.75,0.0,0.0,0.0,0.0,0.75,-0.0
12.4,0.75,0.0,0.0,0.0,0.0,0.75,-0.0
12.512,0.75,0.0,0.0,0.0,0.0,0.75,-0.0
12.62,0.75,0.0,0.0,0.0,0.0,0.75,-0.0
12.723,0.75,0.0,0.0,0.0,0.0,0.75,-0.0
12.829,0.75,0.0,0.0,0.0,0.0,0.75,-0.0
12.935,0.75,0.0,0.0,0.0,0.0,0.75,-0.0
13.046,0.75,0.0,0.0,0.0,0.0,0.75,-0.0
13.153,0.75,0.0,0.0,0.0,0.0,0.75,-0.0
13.272,0.75,0.0,0.0,0.0,0.0,0.75,-0.0
13.375,0.75,0.0,0.0,0.0,0.0,0.75,-0.0
13.476,0.75,0.0,0.0,0.0,0.0,0.75,-0.0
13.578,0.75,0.0,0.0,0.0,0.0,0.75,-0.0
13.682,0.75,0.0,0.0,0.0,0.0,0.75,-0.0
13.782,0.75,0.0,0.0,0.0,0.0,0.75,-0.0
13.889,0.75,0.0,0.0,0.0,0.0,0.75,-0.0
13.994,0.75,0.0,0.0,0.0,0.0,0.75,-0.0
14.104,0.75,0.0,0.0,0.0,0.0,0.75,-0.0
14.205,0.75,0.0,0.0,0.0,0.0,0.75,0.0
14.311,0.75,0.0,0.0,0.0,0.0,0.75,0.0
14.416,0.75,0.0,0.0,0.0,0.0,0.75,0.0
14.519,0.75,0.0,0.0,0.0,0.0,0.75,0.0
14.621,0.75,0.0,0.0,0.0,0.0,0.75,0.0
14.722,0.75,0.0,0.0,0.0,0.0,0.75,0.0
14.822,0.75,0.0,0.0,0.0,0.0,0.75,0.0
14.925,0.75,0.0,0.0,0.0,0.0,0.75,0.0
15.032,0.75,0.0,0.0,0.0,0.0,0.75,0.0
15.143,0.75,0.0,0.0,0.0,0.0,0.75,0.0
15.244,0.75,0.0,0.0,0.0,0.0,0.75,0.0
15.353,0.75,0.0,0.0,0.0,0.0,0.75,0.0
15.458,0.75,0.0,0.0,0.0,0.0,0.75,0.0
15.562,0.75,0.0,0.0,0.0,0.0,0.75,0.0
15.672,0.75,0.0,0.0,0.0,0.0,0.75,0.0
15.795,0.75,0.0,0.0,0.0,0.0,0.75,0.0
15.9,0.75,0.0,0.0,0.0,0.0,0.75,0.0
16.001,0.75,0.0,0.0,0.0,0.0,0.75,0.0
16.103,0.75,0.0,0.0,0.0,0.0,0.75,0.0
16.208,0.75,0.0,0.0,0.0,0.0,0.75,0.0
16.331,0.75,0.0,0.0,0.0,0.0,0.75,0.0
16.44,0.75,0.0,0.0,0.0,0.0,0.75,0.0
16.546,0.75,0.0,0.0,0.0,0.0,0.75,0.0
16.658,0.75,0.0,0.0,0.0,0.0,0.75,0.0
16.766,0.75,0.0,0.0,0.0,0.0,0.75,0.0
16.873,0.75,0.0,0.0,0.0,0.0,0.75,0.0
16.976,0.75,0.0,0.0,0.0,0.0,0.75,0.0
17.078,0.75,0.0,0.0,0.0,0.0,0.75,0.0
17.183,0.75,0.0,0.0,0.0,0.0,0.75,0.0
17.288,0.75,0.0,0.0,0.0,0.0,0.75,0.0
17.392,0.75,0.0,0.0,0.0,0.0,0.75,0.0
17.494,0.75,0.0,0.0,0.0,0.0,0.75,0.0
17.596,0.75,0.0,0.0,0.0,0.0,0.75,0.0
17.699,0.75,0.0,0.0,0.0,0.0,0.75,0.0
17.807,0.75,0.0,0.0,0.0,0.0,0.75,0.0
17.911,0.75,0.0,0.0,0.0,0.0,0.75,0.0
18.016,0.75,0.0,0.0,0.0,0.0,0.75,0.0
18.121,0.75,0.0,0.0,0.0,0.0,0.75,0.0
18.223,0.75,0.0,0.0,0.0,0.0,0.75,0.0
18.324,0.75,0.0,0.0,0.0,0.0,0.75,0.0
18.429,0.75,0.0,0.0,0.0,0.0,0.75,0.0
18.53,0.75,0.0,0.0,0.0,0.0,0.75,0.0
18.635,0.75,0.0,0.0,0.0,0.0,0.75,0.0
18.744,0.75,0.0,0.0,0.0,0.0,0.75,0.0
18.85,0.75,0.0,0.0,0.0,0.0,0.75,0.0
18.953,0.75,0.0,0.0,0.0,0.0,0.75,0.0
19.057,0.75,0.0,0.0,0.0,0.0,0.75,0.0
19.162,0.75,0.0,0.0,0.0,0.0,0.75,0.0
19.265,0.75,0.0,0.0,0.0,0.0,0.75,0.0
19.369,0.75,0.0,0.0,0.0,0.0,0.75,0.0
19.47,0.75,0.0,0.0,0.0,0.0,0.75,0.0
19.572,0.75,0.0,0.0,0.0,0.0,0.75,0.0
19.683,0.75,0.0,0.0,0.0,0.0,0.75,0.0
19.791,0.75,0.0,0.0,0.0,0.0,0.75,0.0
19.909,0.75,0.0,0.0,0.0,0.0,0.75,0.0
20.014,0.75,0.0,0.0,0.0,0.0,0.75,0.0
20.116,0.75,-0.171,-0.179,-0.162,-0.108,0.75,0.0
20.216,0.75,-0.171,-0.179,-0.162,-0.108,0.75,0.0
20.32,0.75,-0.171,-0.179,-0.162,-0.108,0.75,0.0
20.422,0.75,-0.171,-0.179,-0.162,-0.108,0.75,0.0
20.526,0.75,-0.171,-0.179,-0.162,-0.108,0.75,-0.002
20.632,0.75,-0.171,-0.179,-0.162,-0.108,0.75,-0.003
20.733,0.75,-0.171,-0.179,-0.162,-0.108,0.75,-0.009
20.835,0.75,-0.171,-0.18,-0.162,-0.108,0.75,-0.013
20.949,0.75,-0.171,-0.18,-0.162,-0.108,0.75,-0.023
21.052,0.75,-0.171,-0.18,-0.162,-0.108,0.75,-0.04
21.157,0.75,-0.171,-0.18,-0.162,-0.108,0.75,-0.045
21.265,0.75,-0.171,-0.18,-0.162,-0.108,0.75,-0.051
21.369,0.75,-0.171,-0.18,-0.163,-0.108,0.751,-0.064
21.473,0.75,-0.171,-0.18,-0.163,-0.108,0.751,-0.081
21.577,0.75,-0.171,-0.18,-0.163,-0.108,0.751,-0.08
21.679,0.75,-0.171,-0.18,-0.163,-0.108,0.751,-0.094
21.784,0.75,-0.171,-0.18,-0.163,-0.108,0.751,-0.099
21.889,0.75,-0.171,-0.18,-0.163,-0.108,0.751,-0.102
21.997,0.75,-0.171,-0.18,-0.163,-0.108,0.751,-0.114
22.115,0.75,-0.171,-0.18,-0.163,-0.108,0.751,-0.114
22.222,0.75,-0.171,-0.18,-0.163,-0.108,0.751,-0.126
22.324,0.75,-0.171,-0.18,-0.163,-0.108,0.751,-0.131
22.437,0.75,-0.171,-0.18,-0.163,-0.108,0.751,-0.138
22.544,0.75,-0.171,-0.18,-0.163,-0.108,0.751,-0.137
22.645,0.75,-0.171,-0.18,-0.163,-0.108,0.751,-0.143
22.751,0.75,-0.171,-0.18,-0.163,-0.108,0.751,-0.145
22.853,0.75,-0.171,-0.18,-0.163,-0.108,0.751,-0.149
22.954,0.75,-0.171,-0.18,-0.163,-0.108,0.751,-0.154
23.06,0.75,-0.171,-0.18,-0.163,-0.108,0.751,-0.156
23.165,0.75,-0.171,-0.18,-0.163,-0.108,0.751,-0.156
23.266,0.75,-0.171,-0.18,-0.163,-0.108,0.751,-0.158
23.371,0.75,-0.171,-0.18,-0.163,-0.108,0.751,-0.16
23.476,0.75,-0.171,-0.18,-0.163,-0.108,0.751,-0.163
23.577,0.75,-0.171,-0.18,-0.163,-0.108,0.751,-0.163
23.679,0.75,-0.171,-0.18,-0.163,-0.108,0.751,-0.165
23.788,0.75,-0.171,-0.18,-0.163,-0.108,0.751,-0.166
23.895,0.75,-0.171,-0.18,-0.163,-0.108,0.751,-0.167
24.004,0.75,-0.171,-0.18,-0.163,-0.108,0.751,-0.167
24.109,0.75,-0.171,-0.18,-0.163,-0.108,0.75,-0.168
24.212,0.75,-0.171,-0.18,-0.162,-0.108,0.75,-0.168
24.315,0.75,-0.171,-0.18,-0.162,-0.108,0.75,-0.169
24.417,0.75,-0.171,-0.18,-0.162,-0.108,0.75,-0.169
24.518,0.75,-0.171,-0.18,-0.162,-0.108,0.75,-0.17
24.627,0.75,-0.171,-0.18,-0.162,-0.108,0.75,-0.17
24.73,0.75,-0.171,-0.18,-0.162,-0.108,0.75,-0.17
24.833,0.75,-0.171,-0.18,-0.162,-0.108,0.75,-0.17
24.94,0.75,-0.171,-0.18,-0.162,-0.108,0.75,-0.17
25.043,0.75,-0.171,-0.18,-0.162,-0.108,0.75,-0.17
25.148,0.75,-0.171,-0.18,-0.162,-0.108,0.75,-0.171
25.251,0.75,-0.171,-0.18,-0.162,-0.108,0.75,-0.171
25.356,0.75,-0.171,-0.18,-0.162,-0.108,0.75,-0.171
25.472,0.75,-0.171,-0.18,-0.162,-0.108,0.75,-0.171
25.578,0.75,-0.171,-0.18,-0.162,-0.108,0.75,-0.171
25.684,0.75,-0.171,-0.179,-0.162,-0.108,0.75,-0.171
25.789,0.75,-0.171,-0.179,-0.162,-0.108,0.75,-0.171
25.9,0.75,-0.171,-0.179,-0.162,-0.108,0.75,-0.171
26.003,0.75,-0.171,-0.179,-0.162,-0.108,0.75,-0.171
26.105,0.75,-0.171,-0.179,-0.162,-0.108,0.75,-0.171
26.207,0.75,-0.171,-0.179,-0.162,-0.108,0.75,-0.171
26.312,0.75,-0.171,-0.179,-0.162,-0.108,0.75,-0.171
26.415,0.75,-0.171,-0.179,-0.162,-0.108,0.75,-0.171
26.528,0.75,-0.171,-0.179,-0.162,-0.108,0.75,-0.171
26.638,0.75,-0.171,-0.179,-0.162,-0.108,0.75,-0.171
26.739,0.75,-0.171,-0.179,-0.162,-0.108,0.75,-0.171
26.84,0.75,-0.171,-0.179,-0.162,-0.108,0.75,-0.171
26.955,0.75,-0.171,-0.179,-0.162,-0.108,0.75,-0.171
27.056,0.75,-0.171,-0.179,-0.162,-0.108,0.75,-0.171
27.162,0.75,-0.171,-0.179,-0.162,-0.108,0.75,-0.171
27.266,0.75,-0.171,-0.179,-0.162,-0.108,0.75,-0.171
27.37,0.75,-0.171,-0.179,-0.162,-0.108,0.75,-0.171
27.474,0.75,-0.171,-0.179,-0.162,-0.108,0.75,-0.171
27.583,0.75,-0.171,-0.179,-0.162,-0.108,0.75,-0.171
27.687,0.75,-0.171,-0.179,-0.162,-0.108,0.75,-0.171
27.789,0.75,-0.171,-0.179,-0.162,-0.108,0.75,-0.171
27.89,0.75,-0.171,-0.179,-0.162,-0.108,0.75,-0.171
27.993,0.75,-0.171,-0.179,-0.162,-0.108,0.75,-0.171
28.095,0.75,-0.171,-0.179,-0.162,-0.108,0.75,-0.171
28.201,0.75,-0.171,-0.179,-0.162,-0.108,0.75,-0.171
28.307,0.75,-0.171,-0.179,-0.162,-0.108,0.75,-0.171
28.409,0.75,-0.171,-0.179,-0.162,-0.108,0.75,-0.171
28.519,0.75,-0.171,-0.179,-0.162,-0.108,0.75,-0.171
28.624,0.75,-0.171,-0.179,-0.162,-0.108,0.75,-0.171
28.732,0.75,-0.171,-0.179,-0.162,-0.108,0.75,-0.171
28.846,0.75,-0.171,-0.179,-0.162,-0.108,0.75,-0.171
28.952,0.75,-0.171,-0.179,-0.162,-0.108,0.75,-0.171
29.067,0.75,-0.171,-0.179,-0.162,-0.108,0.75,-0.171
29.171,0.75,-0.171,-0.179,-0.162,-0.108,0.75,-0.171
29.278,0.75,-0.171,-0.179,-0.162,-0.108,0.75,-0.171
29.379,0.75,-0.171,-0.179,-0.162,-0.108,0.75,-0.171
29.482,0.75,-0.171,-0.179,-0.162,-0.108,0.75,-0.171
29.589,0.75,-0.171,-0.179,-0.162,-0.108,0.75,-0.171
29.697,0.75,-0.171,-0.179,-0.162,-0.108,0.75,-0.171
29.802,0.75,-0.171,-0.179,-0.162,-0.108,0.75,-0.171
29.905,0.75,-0.171,-0.179,-0.162,-0.108,0.75,-0.171
30.014,0.75,-0.171,-0.179,-0.162,-0.108,0.75,-0.171
30.117,0.75,-0.171,-0.179,-0.162,-0.108,0.75,-0.171
30.218,0.75,-0.171,-0.179,-0.162,-0.108,0.75,-0.171
30.323,0.75,-0.171,-0.179,-0.162,-0.108,0.75,-0.171
30.428,0.75,-0.171,-0.179,-0.162,-0.108,0.75,-0.171
30.533,0.75,-0.171,-0.179,-0.162,-0.108,0.75,-0.171
30.638,0.75,-0.171,-0.179,-0.162,-0.108,0.75,-0.171
30.742,0.75,-0.171,-0.179,-0.162,-0.108,0.75,-0.171
30.847,0.75,-0.171,-0.179,-0.162,-0.108,0.75,-0.171
30.951,0.75,-0.171,-0.179,-0.162,-0.108,0.75,-0.171
31.055,0.75,-0.171,-0.179,-0.162,-0.108,0.75,-0.171
31.161,0.75,-0.171,-0.179,-0.162,-0.108,0.75,-0.171
31.27,0.75,-0.171,-0.179,-0.162,-0.108,0.75,-0.171
31.372,0.75,-0.171,-0.179,-0.162,-0.108,0.75,-0.171
31.48,0.75,-0.171,-0.179,-0.162,-0.108,0.75,-0.171
31.586,0.75,-0.171,-0.179,-0.162,-0.108,0.75,-0.171
31.691,0.75,-0.171,-0.179,-0.162,-0.108,0.75,-0.171
31.795,0.75,-0.171,-0.179,-0.162,-0.108,0.75,-0.171
31.899,0.75,-0.171,-0.179,-0.162,-0.108,0.75,-0.171
32.003,0.75,-0.171,-0.179,-0.162,-0.108,0.75,-0.171
32.113,0.75,-0.171,-0.179,-0.162,-0.108,0.75,-0.171
32.214,0.75,-0.171,-0.179,-0.162,-0.108,0.75,-0.171
32.324,0.75,-0.171,-0.179,-0.162,-0.108,0.75,-0.171
32.435,0.75,-0.171,-0.179,-0.162,-0.108,0.75,-0.171
32.537,0.75,-0.171,-0.179,-0.162,-0.108,0.75,-0.171
32.641,0.75,-0.171,-0.179,-0.162,-0.108,0.75,-0.171
32.748,0.75,-0.171,-0.179,-0.162,-0.108,0.75,-0.171
32.851,0.75,-0.171,-0.179,-0.162,-0.108,0.75,-0.171
32.952,0.75,-0.171,-0.179,-0.162,-0.108,0.75,-0.171
33.064,0.75,-0.171,-0.179,-0.162,-0.108,0.75,-0.171
33.171,0.75,-0.171,-0.179,-0.162,-0.108,0.75,-0.171
33.28,0.75,-0.171,-0.179,-0.162,-0.108,0.75,-0.171
33.389,0.75,-0.171,-0.179,-0.162,-0.108,0.75,-0.171
33.491,0.75,-0.171,-0.179,-0.162,-0.108,0.75,-0.171
33.599,0.75,-0.171,-0.179,-0.162,-0.108,0.75,-0.171
33.704,0.75,-0.171,-0.179,-0.162,-0.108,0.75,-0.171
33.81,0.75,-0.171,-0.179,-0.162,-0.108,0.75,-0.171
33.914,0.75,-0.171,-0.179,-0.162,-0.108,0.75,-0.171
34.022,0.75,-0.171,-0.179,-0.162,-0.108,0.75,-0.171
34.124,0.75,-0.171,-0.179,-0.162,-0.108,0.75,-0.171
34.234,0.75,-0.171,-0.179,-0.162,-0.108,0.75,-0.171
34.34,0.75,-0.171,-0.179,-0.162,-0.108,0.75,-0.171
34.442,0.75,-0.171,-0.179,-0.162,-0.108,0.75,-0.171
34.554,0.75,-0.171,-0.179,-0.162,-0.108,0.75,-0.171
34.661,0.75,-0.171,-0.179,-0.162,-0.108,0.75,-0.171
34.769,0.75,-0.171,-0.179,-0.162,-0.108,0.75,-0.171
34.88,0.75,-0.171,-0.179,-0.162,-0.108,0.75,-0.171
34.981,0.75,-0.171,-0.179,-0.162,-0.108,0.75,-0.171
35.084,0.75,-0.171,-0.179,-0.162,-0.108,0.75,-0.171
35.192,0.75,-0.171,-0.179,-0.162,-0.108,0.75,-0.171
35.299,0.75,-0.171,-0.179,-0.162,-0.108,0.75,-0.171
35.406,0.75,-0.171,-0.179,-0.162,-0.108,0.75,-0.171
35.508,0.75,-0.171,-0.179,-0.162,-0.108,0.75,-0.171
35.614,0.75,-0.171,-0.179,-0.162,-0.108,0.75,-0.171
35.721,0.75,-0.171,-0.179,-0.162,-0.108,0.75,-0.171
35.825,0.75,-0.171,-0.179,-0.162,-0.108,0.75,-0.171
35.933,0.75,-0.171,-0.179,-0.162,-0.108,0.75,-0.171
36.042,0.75,-0.171,-0.179,-0.162,-0.108,0.75,-0.171
36.15,0.75,-0.171,-0.179,-0.162,-0.108,0.75,-0.171
36.254,0.75,-0.171,-0.179,-0.162,-0.108,0.75,-0.171
36.365,0.75,-0.171,-0.179,-0.162,-0.108,0.75,-0.171
36.467,0.75,-0.171,-0.179,-0.162,-0.108,0.75,-0.171
36.573,0.75,-0.171,-0.179,-0.162,-0.108,0.75,-0.171
36.675,0.75,-0.171,-0.179,-0.162,-0.108,0.75,-0.171
36.783,0.75,-0.171,-0.179,-0.162,-0.108,0.75,-0.171
36.888,0.75,-0.171,-0.179,-0.162,-0.108,0.75,-0.171
37.006,0.75,-0.171,-0.179,-0.162,-0.108,0.75,-0.171
37.108,0.75,-0.171,-0.179,-0.162,-0.108,0.75,-0.171
37.218,0.75,-0.171,-0.179,-0.162,-0.108,0.75,-0.171
37.327,0.75,-0.171,-0.179,-0.162,-0.108,0.75,-0.171
37.43,0.75,-0.171,-0.179,-0.162,-0.108,0.75,-0.171
37.532,0.75,-0.171,-0.179,-0.162,-0.108,0.75,-0.171
37.635,0.75,-0.171,-0.179,-0.162,-0.108,0.75,-0.171
37.746,0.75,-0.171,-0.179,-0.162,-0.108,0.75,-0.171
37.855,0.75,-0.171,-0.179,-0.162,-0.108,0.75,-0.171
37.959,0.75,-0.171,-0.179,-0.162,-0.108,0.75,-0.171
38.064,0.75,-0.171,-0.179,-0.162,-0.108,0.75,-0.171
38.17,0.75,-0.171,-0.179,-0.162,-0.108,0.75,-0.171
38.286,0.75,-0.171,-0.179,-0.162,-0.108,0.75,-0.171
38.397,0.75,-0.171,-0.179,-0.162,-0.108,0.75,-0.171
38.507,0.75,-0.171,-0.179,-0.162,-0.108,0.75,-0.171
38.611,0.75,-0.171,-0.179,-0.162,-0.108,0.75,-0.171
38.716,0.75,-0.171,-0.179,-0.162,-0.108,0.75,-0.171
38.827,0.75,-0.171,-0.179,-0.162,-0.108,0.75,-0.171
38.928,0.75,-0.171,-0.179,-0.162,-0.108,0.75,-0.171
39.033,0.75,-0.171,-0.179,-0.162,-0.108,0.75,-0.171
39.134,0.75,-0.171,-0.179,-0.162,-0.108,0.75,-0.171
39.234,0.75,-0.171,-0.179,-0.162,-0.108,0.75,-0.171
39.336,0.75,-0.171,-0.179,-0.162,-0.108,0.75,-0.171
39.445,0.75,-0.171,-0.179,-0.162,-0.108,0.75,-0.171
39.556,0.75,-0.171,-0.179,-0.162,-0.108,0.75,-0.171
39.662,0.75,-0.171,-0.179,-0.162,-0.108,0.75,-0.171
39.771,0.75,-0.171,-0.179,-0.162,-0.108,0.75,-0.171
39.877,0.75,-0.171,-0.179,-0.162,-0.108,0.75,-0.171
39.979,0.75,-0.171,-0.179,-0.162,-0.108,0.75,-0.171
40.081,0.75,-0.247,-0.25,-0.243,-0.219,0.75,-0.171
40.183,0.75,-0.247,-0.25,-0.243,-0.219,0.75,-0.171
40.288,0.75,-0.247,-0.25,-0.243,-0.219,0.75,-0.171
40.389,0.75,-0.247,-0.25,-0.243,-0.219,0.75,-0.171
40.502,0.75,-0.247,-0.25,-0.243,-0.219,0.75,-0.171
40.615,0.75,-0.247,-0.25,-0.243,-0.219,0.75,-0.178
40.73,0.75,-0.247,-0.25,-0.243,-0.219,0.75,-0.178
40.84,0.75,-0.247,-0.25,-0.243,-0.219,0.75,-0.183
40.945,0.75,-0.247,-0.25,-0.243,-0.219,0.75,-0.186
41.056,0.75,-0.247,-0.25,-0.243,-0.219,0.75,-0.192
41.164,0.75,-0.247,-0.25,-0.243,-0.219,0.75,-0.2
41.269,0.75,-0.247,-0.25,-0.243,-0.219,0.75,-0.2
41.372,0.75,-0.247,-0.25,-0.243,-0.219,0.75,-0.206
41.482,0.75,-0.247,-0.25,-0.243,-0.219,0.75,-0.209
41.585,0.75,-0.247,-0.25,-0.243,-0.219,0.75,-0.211
41.694,0.75,-0.247,-0.25,-0.243,-0.219,0.75,-0.218
41.807,0.75,-0.247,-0.25,-0.243,-0.219,0.75,-0.221
41.908,0.75,-0.247,-0.25,-0.243,-0.219,0.75,-0.222
42.011,0.75,-0.246,-0.25,-0.243,-0.219,0.75,-0.224
42.119,0.75,-0.246,-0.25,-0.243,-0.219,0.75,-0.227
42.234,0.75,-0.246,-0.25,-0.243,-0.219,0.75,-0.227
42.339,0.75,-0.246,-0.25,-0.243,-0.219,0.75,-0.231
42.445,0.75,-0.246,-0.25,-0.243,-0.219,0.75,-0.234
42.557,0.75,-0.246,-0.25,-0.243,-0.219,0.75,-0.235
42.658,0.75,-0.246,-0.25,-0.243,-0.219,0.75,-0.236
42.766,0.75,-0.246,-0.25,-0.243,-0.219,0.75,-0.239
42.876,0.75,-0.246,-0.25,-0.243,-0.219,0.75,-0.239
42.981,0.75,-0.246,-0.25,-0.243,-0.219,0.75,-0.24
43.084,0.75,-0.246,-0.25,-0.243,-0.219,0.75,-0.24
43.189,0.75,-0.246,-0.25,-0.243,-0.219,0.75,-0.24
43.295,0.75,-0.246,-0.25,-0.243,-0.219,0.75,-0.242
43.396,0.75,-0.246,-0.25,-0.243,-0.219,0.75,-0.243
43.508,0.75,-0.246,-0.25,-0.243,-0.219,0.75,-0.244
43.617,0.75,-0.246,-0.25,-0.243,-0.219,0.75,-0.244
43.724,0.75,-0.246,-0.25,-0.243,-0.219,0.75,-0.244
43.833,0.75,-0.246,-0.25,-0.243,-0.219,0.75,-0.245
43.939,0.75,-0.246,-0.25,-0.243,-0.219,0.75,-0.245
44.053,0.75,-0.246,-0.25,-0.243,-0.219,0.75,-0.245
44.158,0.75,-0.246,-0.25,-0.243,-0.219,0.75,-0.245
44.272,0.75,-0.246,-0.25,-0.243,-0.219,0.75,-0.246
44.38,0.75,-0.246,-0.25,-0.243,-0.219,0.75,-0.246
44.483,0.75,-0.246,-0.25,-0.243,-0.219,0.75,-0.246
44.584,0.75,-0.246,-0.25,-0.243,-0.219,0.75,-0.246
44.691,0.75,-0.246,-0.25,-0.243,-0.219,0.75,-0.246
44.799,0.75,-0.246,-0.25,-0.243,-0.219,0.75,-0.246
44.906,0.75,-0.246,-0.25,-0.243,-0.219,0.75,-0.246
45.016,0.75,-0.246,-0.25,-0.243,-0.219,0.75,-0.246
45.122,0.75,-0.246,-0.25,-0.243,-0.219,0.75,-0.246
45.228,0.75,-0.246,-0.25,-0.243,-0.219,0.75,-0.246
45.333,0.75,-0.246,-0.25,-0.243,-0.219,0.75,-0.246
45.433,0.75,-0.247,-0.25,-0.243,-0.219,0.75,-0.246
45.539,0.75,-0.247,-0.25,-0.243,-0.219,0.75,-0.246
45.64,0.75,-0.247,-0.25,-0.243,-0.219,0.75,-0.246
45.744,0.75,-0.247,-0.25,-0.243,-0.219,0.75,-0.246
45.851,0.75,-0.247,-0.25,-0.243,-0.219,0.75,-0.246
45.956,0.75,-0.247,-0.25,-0.243,-0.219,0.75,-0.246
46.059,0.75,-0.247,-0.25,-0.243,-0.219,0.75,-0.246
46.166,0.75,-0.247,-0.25,-0.243,-0.219,0.75,-0.246
46.274,0.75,-0.247,-0.25,-0.243,-0.219,0.75,-0.246
46.377,0.75,-0.247,-0.25,-0.243,-0.219,0.75,-0.246
46.482,0.75,-0.247,-0.25,-0.243,-0.219,0.75,-0.246
46.588,0.75,-0.247,-0.25,-0.243,-0.219,0.75,-0.246
46.701,0.75,-0.247,-0.25,-0.243,-0.219,0.75,-0.247
46.811,0.75,-0.247,-0.25,-0.243,-0.219,0.75,-0.247
46.913,0.75,-0.247,-0.25,-0.243,-0.219,0.75,-0.247
47.021,0.75,-0.247,-0.25,-0.243,-0.219,0.75,-0.247
47.124,0.75,-0.247,-0.25,-0.243,-0.219,0.75,-0.247
47.224,0.75,-0.247,-0.25,-0.243,-0.219,0.75,-0.247
47.326,0.75,-0.247,-0.25,-0.243,-0.219,0.75,-0.247
47.436,0.75,-0.247,-0.25,-0.243,-0.219,0.75,-0.247
47.541,0.75,-0.247,-0.25,-0.243,-0.219,0.75,-0.247
47.65,0.75,-0.247,-0.25,-0.243,-0.219,0.75,-0.247
47.756,0.75,-0.247,-0.25,-0.243,-0.219,0.75,-0.247
47.859,0.75,-0.247,-0.25,-0.243,-0.219,0.75,-0.247
47.984,0.75,-0.247,-0.25,-0.243,-0.219,0.75,-0.247
48.102,0.75,-0.247,-0.25,-0.243,-0.219,0.75,-0.247
48.209,0.75,-0.247,-0.25,-0.243,-0.219,0.75,-0.247
48.32,0.75,-0.247,-0.25,-0.243,-0.219,0.75,-0.247
48.426,0.75,-0.247,-0.25,-0.243,-0.219,0.75,-0.247
48.529,0.75,-0.247,-0.25,-0.243,-0.219,0.75,-0.247
48.634,0.75,-0.247,-0.25,-0.243,-0.219,0.75,-0.247
48.737,0.75,-0.247,-0.25,-0.243,-0.219,0.75,-0.247
48.855,0.75,-0.247,-0.25,-0.243,-0.219,0.75,-0.247
48.969,0.75,-0.247,-0.25,-0.243,-0.219,0.75,-0.247
49.078,0.75,-0.247,-0.25,-0.243,-0.219,0.75,-0.247
49.188,0.75,-0.247,-0.25,-0.243,-0.219,0.75,-0.247
49.298,0.75,-0.247,-0.25,-0.243,-0.219,0.75,-0.247
49.4,0.75,-0.247,-0.25,-0.243,-0.219,0.75,-0.247
49.514,0.75,-0.247,-0.25,-0.243,-0.219,0.75,-0.247
49.619,0.75,-0.247,-0.25,-0.243,-0.219,0.75,-0.247
49.725,0.75,-0.247,-0.25,-0.243,-0.219,0.75,-0.247
49.834,0.75,-0.247,-0.25,-0.243,-0.219,0.75,-0.247
49.949,0.75,-0.247,-0.25,-0.243,-0.219,0.75,-0.247
50.051,0.75,-0.247,-0.25,-0.243,-0.219,0.75,-0.247
50.154,0.75,-0.247,-0.25,-0.243,-0.219,0.75,-0.247
50.26,0.75,-0.247,-0.25,-0.243,-0.219,0.75,-0.247
50.372,0.75,-0.247,-0.25,-0.243,-0.219,0.75,-0.247
50.475,0.75,-0.247,-0.25,-0.243,-0.219,0.75,-0.247
50.583,0.75,-0.247,-0.25,-0.243,-0.219,0.75,-0.247
50.689,0.75,-0.247,-0.25,-0.243,-0.219,0.75,-0.247
50.79,0.75,-0.247,-0.25,-0.243,-0.219,0.75,-0.247
50.895,0.75,-0.247,-0.25,-0.243,-0.219,0.75,-0.247
51.001,0.75,-0.247,-0.25,-0.243,-0.219,0.75,-0.247
51.115,0.75,-0.247,-0.25,-0.243,-0.219,0.75,-0.247
51.221,0.75,-0.247,-0.25,-0.243,-0.219,0.75,-0.247
51.322,0.75,-0.247,-0.25,-0.243,-0.219,0.75,-0.247
51.428,0.75,-0.247,-0.25,-0.243,-0.219,0.75,-0.247
51.531,0.75,-0.247,-0.25,-0.243,-0.219,0.75,-0.247
51.638,0.75,-0.247,-0.25,-0.243,-0.219,0.75,-0.247
51.739,0.75,-0.247,-0.25,-0.243,-0.219,0.75,-0.247
51.841,0.75,-0.247,-0.25,-0.243,-0.219,0.75,-0.247
51.949,0.75,-0.247,-0.25,-0.243,-0.219,0.75,-0.247
52.05,0.75,-0.247,-0.25,-0.243,-0.219,0.75,-0.247
52.153,0.75,-0.247,-0.25,-0.243,-0.219,0.75,-0.247
52.259,0.75,-0.247,-0.25,-0.243,-0.219,0.75,-0.247
52.363,0.75,-0.247,-0.25,-0.243,-0.219,0.75,-0.247
52.464,0.75,-0.247,-0.25,-0.243,-0.219,0.75,-0.247
52.575,0.75,-0.247,-0.25,-0.243,-0.219,0.75,-0.247
52.683,0.75,-0.247,-0.25,-0.243,-0.219,0.75,-0.247
52.783,0.75,-0.247,-0.25,-0.243,-0.219,0.75,-0.247
52.885,0.75,-0.247,-0.25,-0.243,-0.219,0.75,-0.247
52.986,0.75,-0.247,-0.25,-0.243,-0.219,0.75,-0.247
53.089,0.75,-0.247,-0.25,-0.243,-0.219,0.75,-0.247
53.196,0.75,-0.247,-0.25,-0.243,-0.219,0.75,-0.247
53.309,0.75,-0.247,-0.25,-0.243,-0.219,0.75,-0.247
53.416,0.75,-0.247,-0.25,-0.243,-0.219,0.75,-0.247
53.519,0.75,-0.247,-0.25,-0.243,-0.219,0.75,-0.247
53.63,0.75,-0.247,-0.25,-0.243,-0.219,0.75,-0.247
53.734,0.75,-0.247,-0.25,-0.243,-0.219,0.75,-0.247
53.836,0.75,-0.247,-0.25,-0.243,-0.219,0.75,-0.247
53.938,0.75,-0.247,-0.25,-0.243,-0.219,0.75,-0.247
54.04,0.75,-0.247,-0.25,-0.243,-0.219,0.75,-0.247
54.158,0.75,-0.247,-0.25,-0.243,-0.219,0.75,-0.247
54.263,0.75,-0.247,-0.25,-0.243,-0.219,0.75,-0.247
54.368,0.75,-0.247,-0.25,-0.243,-0.219,0.75,-0.247
54.472,0.75,-0.247,-0.25,-0.243,-0.219,0.75,-0.247
54.577,0.75,-0.247,-0.25,-0.243,-0.219,0.75,-0.247
54.68,0.75,-0.247,-0.25,-0.243,-0.219,0.75,-0.247
54.789,0.75,-0.247,-0.25,-0.243,-0.219,0.75,-0.247
54.895,0.75,-0.247,-0.25,-0.243,-0.219,0.75,-0.247
55.01,0.75,-0.247,-0.25,-0.243,-0.219,0.75,-0.247
55.124,0.75,-0.247,-0.25,-0.243,-0.219,0.75,-0.247
55.231,0.75,-0.247,-0.25,-0.243,-0.219,0.75,-0.247
55.336,0.75,-0.247,-0.25,-0.243,-0.219,0.75,-0.247
55.441,0.75,-0.247,-0.25,-0.243,-0.219,0.75,-0.247
55.554,0.75,-0.247,-0.25,-0.243,-0.219,0.75,-0.247
55.667,0.75,-0.247,-0.25,-0.243,-0.219,0.75,-0.247
55.771,0.75,-0.247,-0.25,-0.243,-0.219,0.75,-0.247
55.876,0.75,-0.247,-0.25,-0.243,-0.219,0.75,-0.247
55.99,0.75,-0.247,-0.25,-0.243,-0.219,0.75,-0.247
56.091,0.75,-0.247,-0.25,-0.243,-0.219,0.75,-0.247
56.2,0.75,-0.247,-0.25,-0.243,-0.219,0.75,-0.247
56.305,0.75,-0.247,-0.25,-0.243,-0.219,0.75,-0.247
56.408,0.75,-0.247,-0.25,-0.243,-0.219,0.75,-0.247
56.511,0.75,-0.247,-0.25,-0.243,-0.219,0.75,-0.247
56.612,0.75,-0.247,-0.25,-0.243,-0.219,0.75,-0.247
56.717,0.75,-0.247,-0.25,-0.243,-0.219,0.75,-0.247
56.84,0.75,-0.247,-0.25,-0.243,-0.219,0.75,-0.247
56.953,0.75,-0.247,-0.25,-0.243,-0.219,0.75,-0.247
57.057,0.75,-0.247,-0.25,-0.243,-0.219,0.75,-0.247
57.167,0.75,-0.247,-0.25,-0.243,-0.219,0.75,-0.247
57.283,0.75,-0.247,-0.25,-0.243,-0.219,0.75,-0.247
57.39,0.75,-0.247,-0.25,-0.243,-0.219,0.75,-0.247
57.502,0.75,-0.247,-0.25,-0.243,-0.219,0.75,-0.247
57.609,0.75,-0.247,-0.25,-0.243,-0.219,0.75,-0.247
57.719,0.75,-0.247,-0.25,-0.243,-0.219,0.75,-0.247
57.822,0.75,-0.247,-0.25,-0.243,-0.219,0.75,-0.247
57.925,0.75,-0.247,-0.25,-0.243,-0.219,0.75,-0.247
58.026,0.75,-0.247,-0.25,-0.243,-0.219,0.75,-0.247
58.129,0.75,-0.247,-0.25,-0.243,-0.219,0.75,-0.247
58.235,0.75,-0.247,-0.25,-0.243,-0.219,0.75,-0.247
58.336,0.75,-0.247,-0.25,-0.243,-0.219,0.75,-0.247
58.446,0.75,-0.247,-0.25,-0.243,-0.219,0.75,-0.247
58.547,0.75,-0.247,-0.25,-0.243,-0.219,0.75,-0.247
58.683,0.75,-0.247,-0.25,-0.243,-0.219,0.75,-0.247
58.796,0.75,-0.247,-0.25,-0.243,-0.219,0.75,-0.247
58.899,0.75,-0.247,-0.25,-0.243,-0.219,0.75,-0.247
59.002,0.75,-0.247,-0.25,-0.243,-0.219,0.75,-0.247
59.114,0.75,-0.247,-0.25,-0.243,-0.219,0.75,-0.247
59.217,0.75,-0.247,-0.25,-0.243,-0.219,0.75,-0.247
59.326,0.75,-0.247,-0.25,-0.243,-0.219,0.75,-0.247
59.43,0.75,-0.247,-0.25,-0.243,-0.219,0.75,-0.247
59.532,0.75,-0.247,-0.25,-0.243,-0.219,0.75,-0.247
59.635,0.75,-0.247,-0.25,-0.243,-0.219,0.75,-0.247
59.744,0.75,-0.247,-0.25,-0.243,-0.219,0.75,-0.247
59.849,0.75,-0.247,-0.25,-0.243,-0.219,0.75,-0.247
59.961,0.75,-0.247,-0.25,-0.243,-0.219,0.75,-0.247
60.071,0.75,-0.247,-0.25,-0.243,-0.219,0.75,-0.247
60.172,0.75,0.0,0.012,-0.012,-0.091,0.75,-0.247
60.288,0.75,0.0,0.012,-0.012,-0.091,0.75,-0.247
60.392,0.75,0.0,0.012,-0.012,-0.091,0.75,-0.247
60.498,0.75,0.0,0.012,-0.012,-0.091,0.75,-0.247
60.607,0.75,0.0,0.012,-0.012,-0.091,0.75,-0.238
60.711,0.75,0.0,0.012,-0.012,-0.091,0.75,-0.229
60.821,0.75,0.0,0.012,-0.012,-0.091,0.75,-0.224
60.923,0.75,0.0,0.012,-0.012,-0.091,0.75,-0.2
61.024,0.75,0.0,0.012,-0.012,-0.091,0.75,-0.187
61.132,0.75,0.0,0.012,-0.012,-0.091,0.75,-0.175
61.239,0.75,0.0,0.012,-0.012,-0.091,0.75,-0.16
61.344,0.75,0.0,0.012,-0.012,-0.091,0.75,-0.153
61.46,0.75,0.0,0.012,-0.012,-0.091,0.75,-0.153
61.568,0.75,0.0,0.012,-0.012,-0.091,0.75,-0.123
61.67,0.75,0.0,0.012,-0.012,-0.091,0.75,-0.113
61.774,0.75,0.0,0.012,-0.012,-0.091,0.75,-0.091
61.884,0.75,0.0,0.012,-0.012,-0.091,0.75,-0.093
61.987,0.75,0.0,0.012,-0.012,-0.091,0.75,-0.069
62.097,0.75,0.0,0.012,-0.012,-0.091,0.75,-0.07
62.206,0.75,0.0,0.012,-0.012,-0.091,0.75,-0.064
62.312,0.75,0.0,0.012,-0.012,-0.091,0.75,-0.056
62.415,0.75,0.0,0.012,-0.012,-0.091,0.75,-0.052
62.516,0.75,0.0,0.012,-0.012,-0.091,0.75,-0.04
62.617,0.75,0.0,0.012,-0.012,-0.091,0.749,-0.036
62.719,0.75,0.0,0.012,-0.012,-0.091,0.749,-0.03
62.823,0.75,0.0,0.012,-0.012,-0.091,0.749,-0.03
62.924,0.75,0.0,0.012,-0.012,-0.091,0.749,-0.021
63.036,0.75,0.0,0.012,-0.012,-0.091,0.749,-0.019
63.142,0.75,0.0,0.012,-0.012,-0.091,0.749,-0.017
63.249,0.75,0.0,0.012,-0.012,-0.091,0.749,-0.014
63.359,0.75,0.0,0.012,-0.012,-0.091,0.749,-0.011
63.468,0.75,0.0,0.012,-0.012,-0.091,0.749,-0.011
63.579,0.75,0.0,0.012,-0.012,-0.091,0.749,-0.01
63.693,0.75,0.0,0.012,-0.012,-0.091,0.749,-0.008
63.796,0.75,0.0,0.012,-0.012,-0.091,0.749,-0.008
63.903,0.75,0.0,0.012,-0.012,-0.091,0.749,-0.007
64.009,0.75,0.0,0.012,-0.012,-0.091,0.749,-0.006
64.115,0.75,0.0,0.012,-0.012,-0.091,0.749,-0.005
64.219,0.75,0.0,0.012,-0.012,-0.091,0.749,-0.005
64.334,0.75,0.0,0.012,-0.012,-0.091,0.749,-0.004
64.435,0.75,0.0,0.012,-0.012,-0.091,0.749,-0.004
64.548,0.75,0.0,0.012,-0.012,-0.091,0.749,-0.003
64.652,0.75,0.0,0.012,-0.012,-0.091,0.749,-0.003
64.753,0.75,0.0,0.012,-0.012,-0.091,0.749,-0.003
64.856,0.75,0.0,0.012,-0.012,-0.091,0.749,-0.003
64.966,0.75,0.0,0.012,-0.012,-0.091,0.749,-0.002
65.07,0.75,0.0,0.012,-0.012,-0.091,0.749,-0.002
65.174,0.75,0.0,0.012,-0.012,-0.091,0.75,-0.002
65.281,0.75,0.0,0.012,-0.012,-0.091,0.75,-0.002
65.386,0.75,0.0,0.012,-0.012,-0.091,0.75,-0.002
65.493,0.75,0.0,0.012,-0.012,-0.091,0.75,-0.001
65.596,0.75,0.0,0.012,-0.012,-0.091,0.75,-0.001
65.696,0.75,0.0,0.012,-0.012,-0.091,0.75,-0.001
65.798,0.75,0.0,0.012,-0.012,-0.091,0.75,-0.001
65.904,0.75,0.0,0.012,-0.012,-0.091,0.75,-0.001
66.006,0.75,0.0,0.012,-0.012,-0.091,0.75,-0.001
66.107,0.75,0.0,0.012,-0.012,-0.091,0.75,-0.001
66.214,0.75,0.0,0.012,-0.012,-0.091,0.75,-0.001
66.314,0.75,0.0,0.012,-0.012,-0.091,0.75,-0.001
66.421,0.75,0.0,0.012,-0.012,-0.091,0.75,-0.001
66.523,0.75,0.0,0.012,-0.012,-0.091,0.75,-0.001
66.632,0.75,0.0,0.012,-0.012,-0.091,0.75,-0.0
66.734,0.75,0.0,0.012,-0.012,-0.091,0.75,-0.0
66.845,0.75,0.0,0.012,-0.012,-0.091,0.75,-0.0
66.957,0.75,0.0,0.012,-0.012,-0.091,0.75,-0.0
67.058,0.75,0.0,0.012,-0.012,-0.091,0.75,-0.0
67.167,0.75,0.0,0.012,-0.012,-0.091,0.75,-0.0
67.27,0.75,0.0,0.012,-0.012,-0.091,0.75,-0.0
67.376,0.75,0.0,0.012,-0.012,-0.091,0.75,-0.0
67.482,0.75,0.0,0.012,-0.012,-0.091,0.75,-0.0
67.587,0.75,0.0,0.012,-0.012,-0.091,0.75,-0.0
67.691,0.75,0.0,0.012,-0.012,-0.091,0.75,-0.0
67.797,0.75,0.0,0.012,-0.012,-0.091,0.75,-0.0
67.904,0.75,0.0,0.012,-0.012,-0.091,0.75,-0.0
68.019,0.75,0.0,0.012,-0.012,-0.091,0.75,-0.0
68.128,0.75,0.0,0.012,-0.012,-0.091,0.75,-0.0
68.231,0.75,0.0,0.012,-0.012,-0.091,0.75,-0.0
68.333,0.75,0.0,0.012,-0.012,-0.091,0.75,-0.0
68.456,0.75,0.0,0.012,-0.012,-0.091,0.75,-0.0
68.562,0.75,0.0,0.012,-0.012,-0.091,0.75,-0.0
68.662,0.75,0.0,0.012,-0.012,-0.091,0.75,-0.0
68.764,0.75,0.0,0.012,-0.012,-0.091,0.75,-0.0
68.867,0.75,0.0,0.012,-0.012,-0.091,0.75,-0.0
68.968,0.75,0.0,0.012,-0.012,-0.091,0.75,-0.0
69.082,0.75,0.0,0.012,-0.012,-0.091,0.75,-0.0
69.187,0.75,0.0,0.012,-0.012,-0.091,0.75,-0.0
69.288,0.75,0.0,0.012,-0.012,-0.091,0.75,-0.0
69.391,0.75,0.0,0.012,-0.012,-0.091,0.75,-0.0
69.497,0.75,0.0,0.012,-0.012,-0.091,0.75,-0.0
69.606,0.75,0.0,0.012,-0.012,-0.091,0.75,-0.0
69.706,0.75,0.0,0.012,-0.012,-0.091,0.75,-0.0
69.813,0.75,0.0,0.012,-0.012,-0.091,0.75,-0.0
69.917,0.75,0.0,0.012,-0.012,-0.091,0.75,-0.0
70.018,0.75,0.0,0.012,-0.012,-0.091,0.75,-0.0
70.119,0.75,0.0,0.012,-0.012,-0.091,0.75,-0.0
70.231,0.75,0.0,0.012,-0.012,-0.091,0.75,-0.0
70.343,0.75,0.0,0.012,-0.012,-0.091,0.75,-0.0
70.443,0.75,0.0,0.012,-0.012,-0.091,0.75,-0.0
70.544,0.75,0.0,0.012,-0.012,-0.091,0.75,-0.0
70.644,0.75,0.0,0.012,-0.012,-0.091,0.75,-0.0
70.745,0.75,0.0,0.012,-0.012,-0.091,0.75,-0.0
70.846,0.75,0.0,0.012,-0.012,-0.091,0.75,-0.0
70.947,0.75,0.0,0.012,-0.012,-0.091,0.75,-0.0
71.05,0.75,0.0,0.012,-0.012,-0.091,0.75,-0.0
71.164,0.75,0.0,0.012,-0.012,-0.091,0.75,-0.0
71.273,0.75,0.0,0.012,-0.012,-0.091,0.75,-0.0
71.376,0.75,0.0,0.012,-0.012,-0.091,0.75,0.0
71.477,0.75,0.0,0.012,-0.012,-0.091,0.75,0.0
71.585,0.75,0.0,0.012,-0.012,-0.091,0.75,0.0
71.693,0.75,0.0,0.012,-0.012,-0.091,0.75,0.0
71.796,0.75,0.0,0.012,-0.012,-0.091,0.75,0.0
71.902,0.75,0.0,0.012,-0.012,-0.091,0.75,0.0
72.016,0.75,0.0,0.012,-0.012,-0.091,0.75,0.0
72.132,0.75,0.0,0.012,-0.012,-0.091,0.75,0.0
72.235,0.75,0.0,0.012,-0.012,-0.091,0.75,0.0
72.343,0.75,0.0,0.012,-0.012,-0.091,0.75,0.0
72.452,0.75,0.0,0.012,-0.012,-0.091,0.75,0.0
72.561,0.75,0.0,0.012,-0.012,-0.091,0.75,0.0
72.666,0.75,0.0,0.012,-0.012,-0.091,0.75,0.0
72.768,0.75,0.0,0.012,-0.012,-0.091,0.75,0.0
72.87,0.75,0.0,0.012,-0.012,-0.091,0.75,0.0
72.971,0.75,0.0,0.012,-0.012,-0.091,0.75,0.0
73.072,0.75,0.0,0.012,-0.012,-0.091,0.75,0.0
73.175,0.75,0.0,0.012,-0.012,-0.091,0.75,0.0
73.278,0.75,0.0,0.012,-0.012,-0.091,0.75,0.0
73.385,0.75,0.0,0.012,-0.012,-0.091,0.75,0.0
73.488,0.75,0.0,0.012,-0.012,-0.091,0.75,0.0
73.593,0.75,0.0,0.012,-0.012,-0.091,0.75,0.0
73.694,0.75,0.0,0.012,-0.012,-0.091,0.75,0.0
73.8,0.75,0.0,0.012,-0.012,-0.091,0.75,0.0
73.905,0.75,0.0,0.012,-0.012,-0.091,0.75,0.0
74.013,0.75,0.0,0.012,-0.012,-0.091,0.75,0.0
74.117,0.75,0.0,0.012,-0.012,-0.091,0.75,0.0
74.223,0.75,0.0,0.012,-0.012,-0.091,0.75,0.0
74.328,0.75,0.0,0.012,-0.012,-0.091,0.75,0.0
74.435,0.75,0.0,0.012,-0.012,-0.091,0.75,0.0
74.547,0.75,0.0,0.012,-0.012,-0.091,0.75,0.0
74.652,0.75,0.0,0.012,-0.012,-0.091,0.75,0.0
74.755,0.75,0.0,0.012,-0.012,-0.091,0.75,0.0
74.865,0.75,0.0,0.012,-0.012,-0.091,0.75,0.0
74.971,0.75,0.0,0.012,-0.012,-0.091,0.75,0.0
75.074,0.75,0.0,0.012,-0.012,-0.091,0.75,0.0
75.176,0.75,0.0,0.012,-0.012,-0.091,0.75,0.0
75.286,0.75,0.0,0.012,-0.012,-0.091,0.75,0.0
75.396,0.75,0.0,0.012,-0.012,-0.091,0.75,0.0
75.509,0.75,0.0,0.012,-0.012,-0.091,0.75,0.0
75.614,0.75,0.0,0.012,-0.012,-0.091,0.75,0.0
75.719,0.75,0.0,0.012,-0.012,-0.091,0.75,0.0
75.827,0.75,0.0,0.012,-0.012,-0.091,0.75,0.0
75.937,0.75,0.0,0.012,-0.012,-0.091,0.75,0.0
76.04,0.75,0.0,0.012,-0.012,-0.091,0.75,0.0
76.143,0.75,0.0,0.012,-0.012,-0.091,0.75,0.0
76.246,0.75,0.0,0.012,-0.012,-0.091,0.75,0.0
76.356,0.75,0.0,0.012,-0.012,-0.091,0.75,0.0
76.461,0.75,0.0,0.012,-0.012,-0.091,0.75,0.0
76.561,0.75,0.0,0.012,-0.012,-0.091,0.75,0.0
76.668,0.75,0.0,0.012,-0.012,-0.091,0.75,0.0
76.769,0.75,0.0,0.012,-0.012,-0.091,0.75,0.0
76.874,0.75,0.0,0.012,-0.012,-0.091,0.75,0.0
76.982,0.75,0.0,0.012,-0.012,-0.091,0.75,0.0
77.086,0.75,0.0,0.012,-0.012,-0.091,0.75,0.0
77.19,0.75,0.0,0.012,-0.012,-0.091,0.75,0.0
77.3,0.75,0.0,0.012,-0.012,-0.091,0.75,0.0
77.41,0.75,0.0,0.012,-0.012,-0.091,0.75,0.0
77.515,0.75,0.0,0.012,-0.012,-0.091,0.75,0.0
77.626,0.75,0.0,0.012,-0.012,-0.091,0.75,0.0
77.732,0.75,0.0,0.012,-0.012,-0.091,0.75,-0.0
77.838,0.75,0.0,0.012,-0.012,-0.091,0.75,-0.0
77.95,0.75,0.0,0.012,-0.012,-0.091,0.75,-0.0
78.059,0.75,0.0,0.012,-0.012,-0.091,0.75,-0.0
78.16,0.75,0.0,0.012,-0.012,-0.091,0.75,-0.0
78.271,0.75,0.0,0.012,-0.012,-0.091,0.75,-0.0
78.382,0.75,0.0,0.012,-0.012,-0.091,0.75,-0.0
78.482,0.75,0.0,0.012,-0.012,-0.091,0.75,-0.0
78.592,0.75,0.0,0.012,-0.012,-0.091,0.75,-0.0
78.695,0.75,0.0,0.012,-0.012,-0.091,0.75,-0.0
78.795,0.75,0.0,0.012,-0.012,-0.091,0.75,-0.0
78.898,0.75,0.0,0.012,-0.012,-0.091,0.75,-0.0
79.004,0.75,0.0,0.012,-0.012,-0.091,0.75,-0.0
79.117,0.75,0.0,0.012,-0.012,-0.091,0.75,-0.0
79.221,0.75,0.0,0.012,-0.012,-0.091,0.75,-0.0
79.331,0.75,0.0,0.012,-0.012,-0.091,0.75,-0.0
79.432,0.75,0.0,0.012,-0.012,-0.091,0.75,-0.0
79.537,0.75,0.0,0.012,-0.012,-0.091,0.75,-0.0
79.64,0.75,0.0,0.012,-0.012,-0.091,0.75,-0.0
79.743,0.75,0.0,0.012,-0.012,-0.091,0.75,-0.0
79.845,0.75,0.0,0.012,-0.012,-0.091,0.75,-0.0
79.949,0.75,0.0,0.012,-0.012,-0.091,0.75,-0.0
80.05,0.75,0.0,0.012,-0.012,-0.091,0.75,-0.0
80.151,0.75,0.171,0.179,0.162,0.108,0.75,-0.0
80.253,0.75,0.171,0.179,0.162,0.108,0.75,-0.0
80.354,0.75,0.171,0.179,0.162,0.108,0.75,-0.0
80.455,0.75,0.171,0.179,0.162,0.108,0.75,-0.0
80.561,0.75,0.171,0.179,0.162,0.108,0.75,0.003
80.667,0.75,0.171,0.179,0.162,0.108,0.75,0.007
80.782,0.75,0.171,0.179,0.162,0.108,0.75,0.017
80.885,0.75,0.171,0.179,0.162,0.108,0.75,0.024
80.986,0.75,0.171,0.179,0.162,0.108,0.75,0.028
81.092,0.75,0.171,0.179,0.162,0.108,0.75,0.042
81.194,0.75,0.171,0.179,0.162,0.108,0.749,0.048
81.295,0.75,0.171,0.179,0.162,0.108,0.749,0.065
81.401,0.75,0.171,0.179,0.162,0.107,0.749,0.07
81.505,0.75,0.171,0.179,0.162,0.107,0.749,0.075
81.608,0.75,0.171,0.179,0.162,0.107,0.749,0.08
81.717,0.75,0.171,0.179,0.162,0.107,0.749,0.084
81.82,0.75,0.171,0.179,0.162,0.107,0.749,0.1
81.929,0.75,0.171,0.179,0.162,0.107,0.749,0.099
82.036,0.75,0.171,0.179,0.162,0.107,0.749,0.107
82.144,0.75,0.171,0.179,0.162,0.107,0.748,0.118
82.256,0.75,0.171,0.179,0.162,0.107,0.748,0.118
82.357,0.75,0.171,0.179,0.162,0.107,0.748,0.128
82.46,0.75,0.171,0.179,0.162,0.107,0.748,0.132
82.566,0.75,0.171,0.179,0.162,0.107,0.748,0.136
82.677,0.75,0.171,0.179,0.162,0.107,0.748,0.146
82.804,0.75,0.171,0.179,0.162,0.107,0.748,0.145
82.906,0.75,0.17,0.179,0.162,0.107,0.748,0.148
83.007,0.75,0.171,0.179,0.162,0.107,0.748,0.15
83.117,0.75,0.17,0.179,0.162,0.107,0.748,0.151
83.225,0.75,0.17,0.179,0.162,0.107,0.748,0.155
83.33,0.75,0.171,0.179,0.162,0.107,0.748,0.155
83.436,0.75,0.171,0.179,0.162,0.107,0.748,0.157
83.542,0.75,0.171,0.179,0.162,0.107,0.748,0.158
83.647,0.75,0.171,0.179,0.162,0.107,0.748,0.158
83.749,0.75,0.171,0.179,0.162,0.107,0.748,0.16
83.853,0.75,0.171,0.179,0.162,0.107,0.748,0.16
83.955,0.75,0.171,0.179,0.162,0.107,0.748,0.161
84.065,0.75,0.171,0.179,0.162,0.107,0.748,0.162
84.167,0.75,0.171,0.179,0.162,0.107,0.748,0.163
84.271,0.75,0.171,0.179,0.162,0.107,0.748,0.163
84.376,0.75,0.171,0.179,0.162,0.107,0.749,0.165
84.48,0.75,0.171,0.179,0.162,0.107,0.749,0.165
84.586,0.75,0.171,0.179,0.162,0.107,0.749,0.166
84.696,0.75,0.171,0.179,0.162,0.107,0.749,0.166
84.801,0.75,0.171,0.179,0.162,0.107,0.749,0.167
84.908,0.75,0.171,0.179,0.162,0.107,0.749,0.167
85.013,0.75,0.171,0.179,0.162,0.107,0.749,0.167
85.12,0.75,0.171,0.179,0.162,0.107,0.749,0.168
85.223,0.75,0.171,0.179,0.162,0.107,0.749,0.168
85.328,0.75,0.171,0.179,0.162,0.107,0.749,0.168
85.434,0.75,0.171,0.179,0.162,0.107,0.749,0.168
85.54,0.75,0.171,0.179,0.162,0.108,0.749,0.168
85.642,0.75,0.171,0.179,0.162,0.108,0.749,0.169
85.746,0.75,0.171,0.179,0.162,0.108,0.749,0.169
85.867,0.75,0.171,0.179,0.162,0.108,0.749,0.169
85.985,0.75,0.171,0.179,0.162,0.108,0.75,0.169
86.093,0.75,0.171,0.179,0.162,0.108,0.75,0.169
86.206,0.75,0.171,0.179,0.162,0.108,0.75,0.169
86.314,0.75,0.171,0.179,0.162,0.108,0.75,0.17
86.421,0.75,0.171,0.179,0.162,0.108,0.75,0.17
86.525,0.75,0.171,0.179,0.162,0.108,0.75,0.17
86.631,0.75,0.171,0.179,0.162,0.108,0.75,0.17
86.736,0.75,0.171,0.179,0.162,0.108,0.75,0.17
86.838,0.75,0.171,0.179,0.162,0.108,0.75,0.17
86.942,0.75,0.171,0.179,0.162,0.108,0.75,0.17
87.044,0.75,0.171,0.179,0.162,0.108,0.75,0.17
87.151,0.75,0.171,0.179,0.162,0.108,0.75,0.17
87.255,0.75,0.171,0.18,0.162,0.108,0.75,0.17
87.384,0.75,0.171,0.18,0.162,0.108,0.75,0.17
87.503,0.75,0.171,0.18,0.162,0.108,0.75,0.17
87.606,0.75,0.171,0.18,0.162,0.108,0.75,0.17
87.708,0.75,0.171,0.18,0.162,0.108,0.75,0.17
87.812,0.75,0.171,0.18,0.162,0.108,0.75,0.17
87.918,0.75,0.171,0.18,0.162,0.108,0.75,0.17
88.019,0.75,0.171,0.18,0.162,0.108,0.75,0.17
88.125,0.75,0.171,0.18,0.162,0.108,0.75,0.17
88.237,0.75,0.171,0.18,0.162,0.108,0.75,0.171
88.342,0.75,0.171,0.18,0.162,0.108,0.75,0.171
88.452,0.75,0.171,0.18,0.162,0.108,0.75,0.171
88.556,0.75,0.171,0.18,0.162,0.108,0.75,0.171
88.661,0.75,0.171,0.18,0.162,0.108,0.75,0.171
88.762,0.75,0.171,0.18,0.162,0.108,0.75,0.171
88.866,0.75,0.171,0.18,0.162,0.108,0.75,0.171
88.998,0.75,0.171,0.18,0.162,0.108,0.751,0.171
89.1,0.75,0.171,0.18,0.162,0.108,0.751,0.171
89.201,0.75,0.171,0.18,0.162,0.108,0.751,0.171
89.312,0.75,0.171,0.18,0.162,0.108,0.751,0.171
89.422,0.75,0.171,0.18,0.162,0.108,0.751,0.171
89.529,0.75,0.171,0.18,0.162,0.108,0.751,0.171
89.635,0.75,0.171,0.18,0.162,0.108,0.751,0.171
89.736,0.75,0.171,0.18,0.162,0.108,0.75,0.171
89.844,0.75,0.171,0.18,0.162,0.108,0.75,0.171
89.948,0.75,0.171,0.18,0.162,0.108,0.75,0.171
90.057,0.75,0.171,0.18,0.162,0.108,0.75,0.171
90.162,0.75,0.171,0.18,0.162,0.108,0.75,0.171
90.267,0.75,0.171,0.18,0.162,0.108,0.75,0.171
90.368,0.75,0.171,0.18,0.162,0.108,0.75,0.171
90.472,0.75,0.171,0.18,0.162,0.108,0.75,0.171
90.577,0.75,0.171,0.18,0.162,0.108,0.75,0.171
90.686,0.75,0.171,0.18,0.162,0.108,0.75,0.171
90.795,0.75,0.171,0.18,0.162,0.108,0.75,0.171
90.904,0.75,0.171,0.18,0.162,0.108,0.75,0.171
91.006,0.75,0.171,0.18,0.162,0.108,0.75,0.171
91.109,0.75,0.171,0.18,0.162,0.108,0.75,0.171
91.218,0.75,0.171,0.18,0.162,0.108,0.75,0.171
91.32,0.75,0.171,0.18,0.162,0.108,0.75,0.171
91.425,0.75,0.171,0.18,0.162,0.108,0.75,0.171
91.526,0.75,0.171,0.18,0.162,0.108,0.75,0.171
91.629,0.75,0.171,0.18,0.162,0.108,0.75,0.171
91.742,0.75,0.171,0.18,0.162,0.108,0.75,0.171
91.843,0.75,0.171,0.18,0.162,0.108,0.75,0.171
91.953,0.75,0.171,0.18,0.162,0.108,0.75,0.171
92.061,0.75,0.171,0.18,0.162,0.108,0.75,0.171
92.165,0.75,0.171,0.18,0.162,0.108,0.75,0.171
92.27,0.75,0.171,0.18,0.162,0.108,0.75,0.171
92.378,0.75,0.171,0.18,0.162,0.108,0.75,0.171
92.48,0.75,0.171,0.18,0.162,0.108,0.75,0.171
92.587,0.75,0.171,0.179,0.162,0.108,0.75,0.171
92.689,0.75,0.171,0.179,0.162,0.108,0.75,0.171
92.798,0.75,0.171,0.179,0.162,0.108,0.75,0.171
92.908,0.75,0.171,0.179,0.162,0.108,0.75,0.171
93.013,0.75,0.171,0.179,0.162,0.108,0.75,0.171
93.117,0.75,0.171,0.179,0.162,0.108,0.75,0.171
93.23,0.75,0.171,0.179,0.162,0.108,0.75,0.171
93.337,0.75,0.171,0.179,0.162,0.108,0.75,0.171
93.443,0.75,0.171,0.179,0.162,0.108,0.75,0.171
93.552,0.75,0.171,0.179,0.162,0.108,0.75,0.171
93.655,0.75,0.171,0.179,0.162,0.108,0.75,0.171
93.774,0.75,0.171,0.179,0.162,0.108,0.75,0.171
93.882,0.75,0.171,0.179,0.162,0.108,0.75,0.171
93.987,0.75,0.171,0.179,0.162,0.108,0.75,0.171
94.1,0.75,0.171,0.179,0.162,0.108,0.75,0.171
94.205,0.75,0.171,0.179,0.162,0.108,0.75,0.171
94.308,0.75,0.171,0.179,0.162,0.108,0.75,0.171
94.418,0.75,0.171,0.179,0.162,0.108,0.75,0.171
94.533,0.75,0.171,0.179,0.162,0.108,0.75,0.171
94.639,0.75,0.171,0.179,0.162,0.108,0.75,0.171
94.749,0.75,0.171,0.179,0.162,0.108,0.75,0.171
94.859,0.75,0.171,0.179,0.162,0.108,0.75,0.171
94.96,0.75,0.171,0.179,0.162,0.108,0.75,0.171
95.07,0.75,0.171,0.179,0.162,0.108,0.75,0.171
95.171,0.75,0.171,0.179,0.162,0.108,0.75,0.171
95.271,0.75,0.171,0.179,0.162,0.108,0.75,0.171
95.373,0.75,0.171,0.179,0.162,0.108,0.75,0.171
95.474,0.75,0.171,0.179,0.162,0.108,0.75,0.171
95.574,0.75,0.171,0.179,0.162,0.108,0.75,0.171
95.676,0.75,0.171,0.179,0.162,0.108,0.75,0.171
95.778,0.75,0.171,0.179,0.162,0.108,0.75,0.171
95.883,0.75,0.171,0.179,0.162,0.108,0.75,0.171
95.985,0.75,0.171,0.179,0.162,0.108,0.75,0.171
96.088,0.75,0.171,0.179,0.162,0.108,0.75,0.171
96.192,0.75,0.171,0.179,0.162,0.108,0.75,0.171
96.296,0.75,0.171,0.179,0.162,0.108,0.75,0.171
96.458,0.75,0.171,0.179,0.162,0.108,0.75,0.171
96.568,0.75,0.171,0.179,0.162,0.108,0.75,0.171
96.677,0.75,0.171,0.179,0.162,0.108,0.75,0.171
96.785,0.75,0.171,0.179,0.162,0.108,0.75,0.171
96.89,0.75,0.171,0.179,0.162,0.108,0.75,0.171
96.995,0.75,0.171,0.179,0.162,0.108,0.75,0.171
97.096,0.75,0.171,0.179,0.162,0.108,0.75,0.171
97.204,0.75,0.171,0.179,0.162,0.108,0.75,0.171
97.306,0.75,0.171,0.179,0.162,0.108,0.75,0.171
97.414,0.75,0.171,0.179,0.162,0.108,0.75,0.171
97.521,0.75,0.171,0.179,0.162,0.108,0.75,0.171
97.634,0.75,0.171,0.179,0.162,0.108,0.75,0.171
97.74,0.75,0.171,0.179,0.162,0.108,0.75,0.171
97.848,0.75,0.171,0.179,0.162,0.108,0.75,0.171
97.952,0.75,0.171,0.179,0.162,0.108,0.75,0.171
98.054,0.75,0.171,0.179,0.162,0.108,0.75,0.171
98.17,0.75,0.171,0.179,0.162,0.108,0.75,0.171
98.275,0.75,0.171,0.179,0.162,0.108,0.75,0.171
98.378,0.75,0.171,0.179,0.162,0.108,0.75,0.171
98.49,0.75,0.171,0.179,0.162,0.108,0.75,0.171
98.592,0.75,0.171,0.179,0.162,0.108,0.75,0.171
98.707,0.75,0.171,0.179,0.162,0.108,0.75,0.171
98.818,0.75,0.171,0.179,0.162,0.108,0.75,0.171
98.924,0.75,0.171,0.179,0.162,0.108,0.75,0.171
99.032,0.75,0.171,0.179,0.162,0.108,0.75,0.171
99.134,0.75,0.171,0.179,0.162,0.108,0.75,0.171
99.236,0.75,0.171,0.179,0.162,0.108,0.75,0.171
99.341,0.75,0.171,0.179,0.162,0.108,0.75,0.171
99.451,0.75,0.171,0.179,0.162,0.108,0.75,0.171
99.555,0.75,0.171,0.179,0.162,0.108,0.75,0.171
99.663,0.75,0.171,0.179,0.162,0.108,0.75,0.171
99.768,0.75,0.171,0.179,0.162,0.108,0.75,0.171
99.881,0.75,0.171,0.179,0.162,0.108,0.75,0.171
99.99,0.75,0.171,0.179,0.162,0.108,0.75,0.171
100.097,0.75,0.247,0.25,0.243,0.219,0.75,0.171
100.201,0.75,0.247,0.25,0.243,0.219,0.75,0.171
100.302,0.75,0.247,0.25,0.243,0.219,0.75,0.171
100.405,0.75,0.247,0.25,0.243,0.219,0.75,0.173
100.511,0.75,0.247,0.25,0.243,0.219,0.75,0.174
100.627,0.75,0.246,0.25,0.243,0.219,0.75,0.175
100.728,0.75,0.246,0.25,0.243,0.219,0.75,0.176
100.835,0.75,0.246,0.25,0.243,0.219,0.75,0.18
100.939,0.75,0.246,0.25,0.243,0.218,0.75,0.186
101.041,0.75,0.246,0.25,0.243,0.218,0.75,0.19
101.143,0.75,0.246,0.25,0.243,0.218,0.75,0.19
101.245,0.75,0.246,0.25,0.243,0.218,0.75,0.193
101.35,0.75,0.246,0.25,0.243,0.218,0.749,0.199
101.451,0.75,0.246,0.25,0.243,0.218,0.749,0.205
101.561,0.75,0.246,0.25,0.243,0.218,0.749,0.206
101.665,0.75,0.246,0.25,0.243,0.218,0.749,0.206
101.771,0.75,0.246,0.25,0.242,0.218,0.749,0.211
101.882,0.75,0.246,0.25,0.242,0.218,0.749,0.216
101.986,0.75,0.246,0.25,0.242,0.218,0.749,0.218
102.087,0.75,0.246,0.25,0.242,0.218,0.749,0.222
102.191,0.75,0.246,0.25,0.242,0.218,0.749,0.222
102.295,0.75,0.246,0.25,0.242,0.218,0.749,0.225
102.403,0.75,0.246,0.25,0.242,0.218,0.749,0.225
102.513,0.75,0.246,0.25,0.242,0.218,0.749,0.228
102.619,0.75,0.246,0.25,0.242,0.218,0.749,0.23
102.736,0.75,0.246,0.25,0.242,0.218,0.749,0.229
102.847,0.75,0.246,0.25,0.242,0.218,0.749,0.236
102.953,0.75,0.246,0.25,0.242,0.218,0.749,0.236
103.06,0.75,0.246,0.25,0.242,0.218,0.749,0.236
103.163,0.75,0.246,0.25,0.242,0.218,0.749,0.238
103.273,0.75,0.246,0.25,0.242,0.218,0.749,0.238
103.377,0.75,0.246,0.25,0.242,0.218,0.749,0.238
103.48,0.75,0.246,0.25,0.242,0.218,0.749,0.24
103.584,0.75,0.246,0.25,0.242,0.218,0.749,0.24
103.696,0.75,0.246,0.25,0.242,0.218,0.749,0.24
103.8,0.75,0.246,0.25,0.242,0.218,0.749,0.241
103.907,0.75,0.246,0.25,0.242,0.218,0.749,0.241
104.013,0.75,0.246,0.25,0.242,0.218,0.749,0.242
104.12,0.75,0.246,0.25,0.242,0.218,0.749,0.242
104.225,0.75,0.246,0.25,0.242,0.218,0.749,0.242
104.341,0.75,0.246,0.25,0.242,0.218,0.749,0.243
104.455,0.75,0.246,0.25,0.242,0.218,0.749,0.243
104.56,0.75,0.246,0.25,0.242,0.218,0.749,0.243
104.665,0.75,0.246,0.25,0.242,0.218,0.749,0.244
104.772,0.75,0.246,0.25,0.242,0.218,0.749,0.244
104.878,0.75,0.246,0.25,0.243,0.218,0.749,0.244
104.986,0.75,0.246,0.25,0.243,0.218,0.749,0.244
105.09,0.75,0.246,0.25,0.243,0.218,0.749,0.244
105.19,0.75,0.246,0.25,0.243,0.218,0.749,0.244
105.295,0.75,0.246,0.25,0.243,0.218,0.749,0.245
105.397,0.75,0.246,0.25,0.243,0.218,0.75,0.245
105.505,0.75,0.246,0.25,0.243,0.218,0.75,0.245
105.608,0.75,0.246,0.25,0.243,0.218,0.75,0.245
105.708,0.75,0.246,0.25,0.243,0.218,0.75,0.245
105.836,0.75,0.246,0.25,0.243,0.218,0.75,0.245
105.952,0.75,0.246,0.25,0.243,0.218,0.75,0.245
106.054,0.75,0.246,0.25,0.243,0.218,0.75,0.245
106.159,0.75,0.246,0.25,0.243,0.218,0.75,0.245
106.265,0.75,0.246,0.25,0.243,0.218,0.75,0.246
106.368,0.75,0.246,0.25,0.243,0.218,0.75,0.245
106.471,0.75,0.246,0.25,0.243,0.219,0.75,0.246
106.58,0.75,0.246,0.25,0.243,0.219,0.75,0.246
106.684,0.75,0.246,0.25,0.243,0.219,0.75,0.246
106.787,0.75,0.246,0.25,0.243,0.219,0.75,0.246
106.892,0.75,0.247,0.25,0.243,0.219,0.75,0.246
106.997,0.75,0.247,0.25,0.243,0.219,0.75,0.246
107.099,0.75,0.247,0.25,0.243,0.219,0.75,0.246
107.202,0.75,0.247,0.25,0.243,0.219,0.75,0.246
107.307,0.75,0.247,0.25,0.243,0.219,0.75,0.246
107.422,0.75,0.247,0.25,0.243,0.219,0.75,0.246
107.527,0.75,0.247,0.25,0.243,0.219,0.75,0.246
107.627,0.75,0.247,0.25,0.243,0.219,0.75,0.246
107.737,0.75,0.247,0.25,0.243,0.219,0.75,0.246
107.843,0.75,0.247,0.25,0.243,0.219,0.75,0.246
107.949,0.75,0.247,0.25,0.243,0.219,0.75,0.246
108.054,0.75,0.247,0.25,0.243,0.219,0.75,0.246
108.164,0.75,0.247,0.25,0.243,0.219,0.75,0.246
108.273,0.75,0.247,0.25,0.243,0.219,0.75,0.246
108.376,0.75,0.247,0.25,0.243,0.219,0.75,0.246
108.479,0.75,0.247,0.25,0.243,0.219,0.75,0.246
108.586,0.75,0.247,0.25,0.243,0.219,0.75,0.246
108.698,0.75,0.247,0.25,0.243,0.219,0.75,0.246
108.802,0.75,0.247,0.25,0.243,0.219,0.75,0.246
108.908,0.75,0.247,0.25,0.243,0.219,0.75,0.246
109.012,0.75,0.247,0.25,0.243,0.219,0.75,0.246
109.118,0.75,0.247,0.25,0.243,0.219,0.75,0.246
109.225,0.75,0.247,0.25,0.243,0.219,0.75,0.246
109.326,0.75,0.247,0.25,0.243,0.219,0.75,0.246
109.429,0.75,0.247,0.25,0.243,0.219,0.75,0.246
109.532,0.75,0.247,0.25,0.243,0.219,0.75,0.246
109.634,0.75,0.247,0.25,0.243,0.219,0.75,0.246
109.737,0.75,0.247,0.25,0.243,0.219,0.75,0.246
109.843,0.75,0.247,0.25,0.243,0.219,0.75,0.247
109.953,0.75,0.247,0.25,0.243,0.219,0.75,0.247
110.059,0.75,0.247,0.25,0.243,0.219,0.75,0.247
110.166,0.75,0.247,0.25,0.243,0.219,0.75,0.247
110.274,0.75,0.247,0.25,0.243,0.219,0.75,0.247
110.377,0.75,0.247,0.25,0.243,0.219,0.75,0.247
110.499,0.75,0.247,0.25,0.243,0.219,0.75,0.247
110.62,0.75,0.247,0.25,0.243,0.219,0.75,0.247
110.723,0.75,0.247,0.25,0.243,0.219,0.75,0.247
110.827,0.75,0.247,0.25,0.243,0.219,0.75,0.247
110.931,0.75,0.247,0.25,0.243,0.219,0.75,0.247
111.033,0.75,0.247,0.25,0.243,0.219,0.75,0.247
111.136,0.75,0.247,0.25,0.243,0.219,0.75,0.247
111.237,0.75,0.247,0.25,0.243,0.219,0.75,0.247
111.337,0.75,0.247,0.25,0.243,0.219,0.75,0.247
111.443,0.75,0.247,0.25,0.243,0.219,0.75,0.247
111.544,0.75,0.247,0.25,0.243,0.219,0.75,0.247
111.648,0.75,0.247,0.25,0.243,0.219,0.75,0.247
111.758,0.75,0.247,0.25,0.243,0.219,0.75,0.247
111.866,0.75,0.247,0.25,0.243,0.219,0.75,0.247
111.968,0.75,0.247,0.25,0.243,0.219,0.75,0.247
112.077,0.75,0.247,0.25,0.243,0.219,0.75,0.247
112.186,0.75,0.247,0.25,0.243,0.219,0.75,0.247
112.296,0.75,0.247,0.25,0.243,0.219,0.75,0.247
112.406,0.75,0.247,0.25,0.243,0.219,0.75,0.247
112.513,0.75,0.247,0.25,0.243,0.219,0.75,0.247
112.619,0.75,0.247,0.25,0.243,0.219,0.75,0.247
112.722,0.75,0.247,0.25,0.243,0.219,0.75,0.247
112.833,0.75,0.247,0.25,0.243,0.219,0.75,0.247
112.94,0.75,0.247,0.25,0.243,0.219,0.75,0.247
113.044,0.75,0.247,0.25,0.243,0.219,0.75,0.247
113.16,0.75,0.247,0.25,0.243,0.219,0.75,0.247
113.264,0.75,0.247,0.25,0.243,0.219,0.75,0.247
113.368,0.75,0.247,0.25,0.243,0.219,0.75,0.247
113.471,0.75,0.247,0.25,0.243,0.219,0.75,0.247
113.573,0.75,0.247,0.25,0.243,0.219,0.75,0.247
113.678,0.75,0.247,0.25,0.243,0.219,0.75,0.247
113.785,0.75,0.247,0.25,0.243,0.219,0.75,0.247
113.897,0.75,0.247,0.25,0.243,0.219,0.75,0.247
114.011,0.75,0.247,0.25,0.243,0.219,0.75,0.247
114.121,0.75,0.247,0.25,0.243,0.219,0.75,0.247
114.236,0.75,0.247,0.25,0.243,0.219,0.75,0.247
114.338,0.75,0.246,0.25,0.243,0.219,0.75,0.247
114.449,0.75,0.246,0.25,0.243,0.219,0.75,0.247
114.556,0.75,0.246,0.25,0.243,0.219,0.75,0.247
114.666,0.75,0.246,0.25,0.243,0.219,0.75,0.247
114.772,0.75,0.246,0.25,0.243,0.219,0.75,0.247
114.874,0.75,0.246,0.25,0.243,0.219,0.75,0.247
114.974,0.75,0.246,0.25,0.243,0.219,0.75,0.247
115.078,0.75,0.246,0.25,0.243,0.219,0.75,0.247
115.181,0.75,0.246,0.25,0.243,0.219,0.75,0.247
115.297,0.75,0.246,0.25,0.243,0.219,0.75,0.247
115.398,0.75,0.246,0.25,0.243,0.219,0.75,0.247
115.5,0.75,0.246,0.25,0.243,0.219,0.75,0.247
115.603,0.75,0.246,0.25,0.243,0.219,0.75,0.247
115.705,0.75,0.246,0.25,0.243,0.219,0.75,0.247
115.813,0.75,0.246,0.25,0.243,0.219,0.75,0.247
115.917,0.75,0.246,0.25,0.243,0.219,0.75,0.247
116.024,0.75,0.246,0.25,0.243,0.219,0.75,0.247
116.131,0.75,0.246,0.25,0.243,0.219,0.75,0.247
116.238,0.75,0.246,0.25,0.243,0.219,0.75,0.247
116.343,0.75,0.246,0.25,0.243,0.219,0.75,0.247
116.45,0.75,0.246,0.25,0.243,0.219,0.75,0.247
116.554,0.75,0.246,0.25,0.243,0.219,0.75,0.247
116.656,0.75,0.246,0.25,0.243,0.219,0.75,0.247
116.765,0.75,0.246,0.25,0.243,0.219,0.75,0.247
116.885,0.75,0.246,0.25,0.243,0.219,0.75,0.247
116.99,0.75,0.246,0.25,0.243,0.219,0.75,0.247
117.095,0.75,0.246,0.25,0.243,0.219,0.75,0.246
117.202,0.75,0.246,0.25,0.243,0.219,0.75,0.246
117.304,0.75,0.246,0.25,0.243,0.219,0.75,0.246
117.405,0.75,0.246,0.25,0.243,0.219,0.75,0.246
117.507,0.75,0.246,0.25,0.243,0.219,0.75,0.246
117.613,0.75,0.246,0.25,0.243,0.219,0.75,0.246
117.721,0.75,0.246,0.25,0.243,0.219,0.75,0.246
117.834,0.75,0.246,0.25,0.243,0.219,0.75,0.246
117.94,0.75,0.246,0.25,0.243,0.219,0.75,0.246
118.048,0.75,0.247,0.25,0.243,0.219,0.75,0.246
118.159,0.75,0.247,0.25,0.243,0.219,0.75,0.246
118.268,0.75,0.247,0.25,0.243,0.219,0.75,0.246
118.375,0.75,0.247,0.25,0.243,0.219,0.75,0.246
118.481,0.75,0.247,0.25,0.243,0.219,0.75,0.246
118.585,0.75,0.247,0.25,0.243,0.219,0.75,0.246
118.69,0.75,0.247,0.25,0.243,0.219,0.75,0.246
118.798,0.75,0.247,0.25,0.243,0.219,0.75,0.246
118.902,0.75,0.247,0.25,0.243,0.219,0.75,0.246
119.005,0.75,0.247,0.25,0.243,0.219,0.75,0.246
119.113,0.75,0.247,0.25,0.243,0.219,0.75,0.246
119.222,0.75,0.247,0.25,0.243,0.219,0.75,0.246
119.329,0.75,0.247,0.25,0.243,0.219,0.75,0.246
119.432,0.75,0.247,0.25,0.243,0.219,0.75,0.246
119.534,0.75,0.247,0.25,0.243,0.219,0.75,0.246
119.643,0.75,0.247,0.25,0.243,0.219,0.75,0.246
119.746,0.75,0.247,0.25,0.243,0.219,0.75,0.246
119.852,0.75,0.247,0.25,0.243,0.219,0.75,0.246
119.958,0.75,0.247,0.25,0.243,0.219,0.75,0.246
120.07,0.75,0.107,0.1,0.114,0.159,0.75,0.246
120.172,0.75,0.107,0.1,0.114,0.159,0.75,0.246
120.278,0.75,0.107,0.1,0.114,0.159,0.75,0.246
120.382,0.75,0.107,0.1,0.114,0.159,0.75,0.246
120.489,0.75,0.107,0.1,0.114,0.159,0.75,0.244
120.591,0.75,0.107,0.1,0.114,0.159,0.75,0.243
120.695,0.75,0.107,0.1,0.114,0.159,0.75,0.236
120.799,0.75,0.107,0.1,0.114,0.159,0.75,0.232
120.911,0.75,0.107,0.1,0.114,0.159,0.75,0.225
121.013,0.75,0.107,0.1,0.114,0.159,0.751,0.217
121.123,0.75,0.107,0.1,0.114,0.159,0.751,0.207
121.231,0.75,0.107,0.1,0.114,0.159,0.751,0.196
121.332,0.75,0.107,0.1,0.114,0.159,0.751,0.196
121.453,0.75,0.107,0.1,0.114,0.159,0.751,0.196
121.56,0.75,0.107,0.1,0.114,0.159,0.751,0.183
121.665,0.75,0.107,0.1,0.114,0.159,0.752,0.175
121.776,0.75,0.107,0.1,0.114,0.159,0.752,0.175
121.877,0.75,0.107,0.1,0.114,0.159,0.752,0.165
121.987,0.75,0.107,0.1,0.114,0.159,0.752,0.161
122.093,0.75,0.107,0.1,0.114,0.159,0.752,0.157
122.203,0.75,0.107,0.1,0.114,0.159,0.752,0.149
122.311,0.75,0.107,0.1,0.114,0.159,0.752,0.149
122.414,0.75,0.107,0.1,0.114,0.159,0.752,0.141
122.517,0.75,0.107,0.1,0.114,0.159,0.752,0.135
122.623,0.75,0.107,0.1,0.114,0.159,0.752,0.133
122.728,0.75,0.107,0.1,0.114,0.159,0.752,0.129
122.833,0.75,0.107,0.1,0.114,0.159,0.752,0.129
122.952,0.75,0.107,0.1,0.114,0.159,0.752,0.127
123.059,0.75,0.107,0.1,0.114,0.159,0.752,0.123
123.163,0.75,0.107,0.1,0.114,0.159,0.752,0.121
123.269,0.75,0.107,0.1,0.114,0.159,0.752,0.119
123.373,0.75,0.107,0.1,0.114,0.159,0.752,0.118
123.475,0.75,0.107,0.1,0.114,0.159,0.752,0.117
123.58,0.75,0.107,0.1,0.114,0.159,0.752,0.116
123.681,0.75,0.107,0.1,0.114,0.159,0.752,0.114
123.787,0.75,0.107,0.1,0.114,0.159,0.752,0.115
123.888,0.75,0.107,0.1,0.114,0.159,0.752,0.114
123.989,0.75,0.107,0.1,0.114,0.159,0.752,0.114
124.092,0.75,0.107,0.1,0.114,0.159,0.752,0.114
124.201,0.75,0.107,0.1,0.114,0.159,0.752,0.113
124.304,0.75,0.107,0.1,0.114,0.159,0.751,0.112
124.41,0.75,0.107,0.1,0.114,0.159,0.751,0.112
124.52,0.75,0.107,0.1,0.114,0.159,0.751,0.112
124.629,0.75,0.107,0.1,0.114,0.159,0.751,0.111
124.737,0.75,0.107,0.1,0.114,0.159,0.751,0.111
124.849,0.75,0.107,0.1,0.114,0.159,0.751,0.111
124.953,0.75,0.107,0.1,0.114,0.159,0.751,0.111
125.065,0.75,0.107,0.1,0.114,0.159,0.751,0.11
125.175,0.75,0.107,0.1,0.114,0.159,0.751,0.11
125.283,0.75,0.107,0.1,0.114,0.159,0.751,0.11
125.384,0.75,0.107,0.1,0.114,0.159,0.751,0.109
125.486,0.75,0.107,0.1,0.114,0.159,0.751,0.109
125.589,0.75,0.107,0.1,0.114,0.159,0.751,0.109
125.691,0.75,0.107,0.1,0.114,0.159,0.751,0.109
125.798,0.75,0.107,0.1,0.114,0.159,0.751,0.109
125.899,0.75,0.107,0.1,0.114,0.159,0.75,0.109
126.03,0.75,0.107,0.1,0.114,0.159,0.75,0.109
126.142,0.75,0.107,0.1,0.114,0.159,0.75,0.108
126.251,0.75,0.107,0.1,0.114,0.159,0.75,0.108
126.36,0.75,0.107,0.1,0.114,0.159,0.75,0.108
126.472,0.75,0.107,0.1,0.114,0.159,0.75,0.108
126.591,0.75,0.107,0.1,0.114,0.159,0.75,0.108
126.698,0.75,0.107,0.1,0.114,0.159,0.75,0.108
126.8,0.75,0.107,0.1,0.114,0.159,0.75,0.108
126.912,0.75,0.107,0.1,0.114,0.159,0.75,0.108
127.026,0.75,0.107,0.1,0.114,0.159,0.75,0.108
127.139,0.75,0.107,0.1,0.114,0.159,0.75,0.108
127.254,0.75,0.107,0.1,0.114,0.159,0.75,0.108
127.361,0.75,0.107,0.1,0.114,0.158,0.75,0.107
127.463,0.75,0.107,0.1,0.114,0.158,0.75,0.107
127.576,0.75,0.107,0.1,0.114,0.158,0.75,0.107
127.683,0.75,0.107,0.1,0.114,0.158,0.75,0.107
127.79,0.75,0.107,0.1,0.114,0.158,0.75,0.107
127.897,0.75,0.107,0.1,0.114,0.158,0.75,0.107
128.0,0.75,0.107,0.1,0.114,0.158,0.75,0.107
128.11,0.75,0.107,0.1,0.114,0.158,0.75,0.107
128.214,0.75,0.107,0.1,0.114,0.158,0.749,0.107
128.315,0.75,0.107,0.1,0.114,0.158,0.749,0.107
128.416,0.75,0.107,0.1,0.114,0.158,0.749,0.107
128.52,0.75,0.107,0.1,0.114,0.158,0.749,0.107
128.626,0.75,0.107,0.1,0.114,0.158,0.749,0.107
128.729,0.75,0.107,0.1,0.114,0.158,0.749,0.107
128.836,0.75,0.107,0.1,0.114,0.158,0.749,0.107
128.94,0.75,0.107,0.1,0.114,0.158,0.749,0.107
129.046,0.75,0.107,0.1,0.114,0.158,0.749,0.107
129.153,0.75,0.107,0.1,0.114,0.158,0.749,0.107
129.265,0.75,0.107,0.1,0.114,0.158,0.749,0.107
129.378,0.75,0.107,0.1,0.114,0.158,0.749,0.107
129.489,0.75,0.107,0.1,0.114,0.158,0.749,0.107
129.597,0.75,0.107,0.1,0.114,0.158,0.749,0.107
129.701,0.75,0.107,0.1,0.114,0.158,0.749,0.107
129.802,0.75,0.107,0.1,0.114,0.158,0.749,0.107
129.909,0.75,0.107,0.1,0.114,0.158,0.749,0.107
130.013,0.75,0.107,0.1,0.114,0.158,0.749,0.107
130.122,0.75,0.107,0.1,0.114,0.158,0.749,0.107
130.232,0.75,0.107,0.1,0.114,0.158,0.749,0.107
130.346,0.75,0.107,0.1,0.114,0.158,0.75,0.107
130.456,0.75,0.107,0.1,0.114,0.158,0.75,0.107
130.566,0.75,0.107,0.1,0.114,0.158,0.75,0.107
130.673,0.75,0.107,0.1,0.114,0.158,0.75,0.107
130.779,0.75,0.107,0.1,0.114,0.158,0.75,0.107
130.88,0.75,0.107,0.1,0.114,0.158,0.75,0.107
131.006,0.75,0.107,0.1,0.114,0.158,0.75,0.107
131.109,0.75,0.107,0.1,0.114,0.158,0.75,0.107
131.212,0.75,0.107,0.1,0.114,0.158,0.75,0.107
131.318,0.75,0.107,0.1,0.114,0.158,0.75,0.107
131.424,0.75,0.107,0.1,0.114,0.158,0.75,0.107
131.529,0.75,0.107,0.1,0.114,0.158,0.75,0.107
131.636,0.75,0.107,0.1,0.114,0.158,0.75,0.107
131.741,0.75,0.107,0.1,0.114,0.158,0.75,0.107
131.843,0.75,0.107,0.1,0.114,0.159,0.75,0.107
131.948,0.75,0.107,0.1,0.114,0.159,0.75,0.107
132.061,0.75,0.107,0.1,0.114,0.159,0.75,0.107
132.164,0.75,0.107,0.1,0.114,0.159,0.75,0.107
132.267,0.75,0.107,0.1,0.114,0.159,0.75,0.107
132.371,0.75,0.107,0.1,0.114,0.159,0.75,0.107
132.478,0.75,0.107,0.1,0.114,0.159,0.75,0.107
132.583,0.75,0.107,0.1,0.114,0.159,0.75,0.107
132.689,0.75,0.107,0.1,0.114,0.159,0.75,0.107
132.794,0.75,0.107,0.1,0.114,0.159,0.75,0.107
132.901,0.75,0.107,0.1,0.114,0.159,0.75,0.107
133.013,0.75,0.107,0.1,0.114,0.159,0.75,0.107
133.122,0.75,0.107,0.1,0.114,0.159,0.75,0.107
133.237,0.75,0.107,0.1,0.114,0.159,0.75,0.107
133.345,0.75,0.107,0.1,0.114,0.159,0.75,0.107
133.451,0.75,0.107,0.1,0.114,0.159,0.75,0.107
133.561,0.75,0.107,0.1,0.114,0.159,0.75,0.107
133.671,0.75,0.107,0.1,0.114,0.159,0.75,0.107
133.774,0.75,0.107,0.1,0.114,0.159,0.75,0.107
133.879,0.75,0.107,0.1,0.114,0.159,0.75,0.107
133.987,0.75,0.107,0.1,0.114,0.159,0.75,0.107
134.103,0.75,0.107,0.1,0.114,0.159,0.75,0.107
134.209,0.75,0.107,0.1,0.114,0.159,0.75,0.107
134.315,0.75,0.107,0.1,0.114,0.159,0.75,0.107
134.421,0.75,0.107,0.1,0.114,0.159,0.75,0.107
134.529,0.75,0.107,0.1,0.114,0.159,0.75,0.107
134.631,0.75,0.107,0.1,0.114,0.159,0.75,0.107
134.736,0.75,0.107,0.1,0.114,0.159,0.75,0.107
134.836,0.75,0.107,0.1,0.114,0.159,0.75,0.107
134.939,0.75,0.107,0.1,0.114,0.159,0.75,0.107
135.056,0.75,0.107,0.1,0.114,0.159,0.75,0.107
135.162,0.75,0.107,0.1,0.114,0.159,0.75,0.107
135.266,0.75,0.107,0.1,0.114,0.159,0.75,0.107
135.367,0.75,0.107,0.1,0.114,0.159,0.75,0.107
135.468,0.75,0.107,0.1,0.114,0.159,0.75,0.107
135.572,0.75,0.107,0.1,0.114,0.159,0.75,0.107
135.673,0.75,0.107,0.1,0.114,0.159,0.75,0.107
135.776,0.75,0.107,0.1,0.114,0.159,0.75,0.107
135.877,0.75,0.107,0.1,0.114,0.159,0.75,0.107
135.978,0.75,0.107,0.1,0.114,0.159,0.75,0.107
136.089,0.75,0.107,0.1,0.114,0.159,0.75,0.107
136.195,0.75,0.107,0.1,0.114,0.159,0.75,0.107
136.296,0.75,0.107,0.1,0.114,0.159,0.75,0.107
136.414,0.75,0.107,0.1,0.114,0.159,0.75,0.107
136.52,0.75,0.107,0.1,0.114,0.159,0.75,0.107
136.628,0.75,0.107,0.1,0.114,0.159,0.75,0.107
136.735,0.75,0.107,0.1,0.114,0.159,0.75,0.107
136.837,0.75,0.107,0.1,0.114,0.159,0.75,0.107
136.944,0.75,0.107,0.1,0.114,0.159,0.75,0.107
137.051,0.75,0.107,0.1,0.114,0.159,0.75,0.107
137.156,0.75,0.107,0.1,0.114,0.159,0.75,0.107
137.261,0.75,0.107,0.1,0.114,0.159,0.75,0.107
137.367,0.75,0.107,0.1,0.114,0.159,0.75,0.107
137.468,0.75,0.107,0.1,0.114,0.159,0.75,0.107
137.574,0.75,0.107,0.1,0.114,0.159,0.75,0.107
137.684,0.75,0.107,0.1,0.114,0.159,0.75,0.107
137.788,0.75,0.107,0.1,0.114,0.159,0.75,0.107
137.891,0.75,0.107,0.1,0.114,0.159,0.75,0.107
138.015,0.75,0.107,0.1,0.114,0.159,0.75,0.107
138.128,0.75,0.107,0.1,0.114,0.159,0.75,0.107
138.23,0.75,0.107,0.1,0.114,0.159,0.75,0.107
138.335,0.75,0.107,0.1,0.114,0.159,0.75,0.107
138.439,0.75,0.107,0.1,0.114,0.159,0.75,0.107
138.544,0.75,0.107,0.1,0.114,0.159,0.75,0.107
138.645,0.75,0.107,0.1,0.114,0.159,0.75,0.107
138.771,0.75,0.107,0.1,0.114,0.159,0.75,0.107
138.882,0.75,0.107,0.1,0.114,0.159,0.75,0.107
138.996,0.75,0.107,0.1,0.114,0.159,0.75,0.107
139.101,0.75,0.107,0.1,0.114,0.159,0.75,0.107
139.202,0.75,0.107,0.1,0.114,0.159,0.75,0.107
139.308,0.75,0.107,0.1,0.114,0.159,0.75,0.107
139.409,0.75,0.107,0.1,0.114,0.159,0.75,0.107
139.53,0.75,0.107,0.1,0.114,0.159,0.75,0.107
139.634,0.75,0.107,0.1,0.114,0.159,0.75,0.107
139.735,0.75,0.107,0.1,0.114,0.159,0.75,0.107
139.839,0.75,0.107,0.1,0.114,0.159,0.75,0.107
139.949,0.75,0.107,0.1,0.114,0.159,0.75,0.107
